componente,valor_singular,varianza_explicada,varianza_acumulada
1,190.10728,0.24294666349889796,0.24294666349889796
2,130.85823,0.11511065081676157,0.3580573143156595
3,99.35425,0.06635693281227281,0.4244142471279323
4,94.5509,0.06009589213812496,0.48451013926605724
5,77.80295,0.040691671326874256,0.5252018105929315
6,64.220795,0.02772456703312105,0.5529263776260526
7,54.549046,0.020002659145590185,0.5729290367716428
8,51.78201,0.018024831596402655,0.5909538683680454
9,50.2816,0.016995408830042743,0.6079492771980881
10,48.275295,0.015666186752749063,0.6236154639508372
11,47.24979,0.015007667211484244,0.6386231311623215
12,43.219257,0.012556483263717621,0.6511796144260391
13,42.236416,0.011991887254154843,0.663171501680194
14,39.28811,0.010376136354053841,0.6735476380342479
15,38.63323,0.010033106520143381,0.6835807445543912
16,37.32112,0.00936316737965003,0.6929439119340413
17,36.31795,0.008866579319551067,0.7018104912535923
18,34.939716,0.008206390361790399,0.7100168816153827
19,33.48913,0.007539127772465653,0.7175560093878484
20,32.19702,0.006968588450728336,0.7245245978385767
21,30.085949,0.006084723534130419,0.7306093213727071
22,29.645798,0.00590798935738384,0.7365173107300909
23,28.555248,0.005481321838351908,0.7419986325684428
24,28.16029,0.005330741961064023,0.7473293745295068
25,27.063093,0.004923435898333666,0.7522528104278404
26,26.950184,0.004882439686389684,0.7571352501142301
27,26.49572,0.0047191618282588395,0.7618544119424889
28,25.588049,0.004401368867835786,0.7662557808103247
29,25.345638,0.00431837036612122,0.770574151176446
30,24.750706,0.004118021361226428,0.7746921725376724
31,23.985237,0.0038672429346388623,0.7785594154723113
32,23.15084,0.003602856439993204,0.7821622719123046
33,23.086903,0.0035829831368852766,0.7857452550491899
34,22.406034,0.00337476410797973,0.7891200191571697
35,21.677149,0.0031587680772793714,0.792278787234449
36,21.398401,0.0030780528774142454,0.7953568401118633
37,21.191475,0.0030188100758472415,0.7983756501877105
38,21.0566,0.0029805055846925856,0.801356155772403
39,20.898611,0.002935947391899323,0.8042921031643023
40,20.65921,0.002869068063105334,0.8071611712274077
41,20.284065,0.0027658168602910397,0.8099269880876988
42,20.032227,0.002697564693502806,0.8126245527812016
43,19.719234,0.0026139274159547978,0.8152384801971564
44,19.51628,0.0025603979332627477,0.8177988781304192
45,19.35514,0.0025182920059228027,0.820317170136342
46,18.994234,0.002425252684290437,0.8227424228206324
47,18.677187,0.0023449649437003884,0.8250873877643328
48,18.55525,0.002314445987654309,0.8274018337519871
49,18.235838,0.002235449533625835,0.8296372832856129
50,18.128939,0.002209317750155862,0.8318466010357688
51,17.900885,0.0021540828800343664,0.8340006839158032
52,17.729809,0.002113107184960175,0.8361137911007633
53,17.49713,0.0020580078706978785,0.8381717989714612
54,17.286205,0.002008689247644849,0.8401804882191061
55,17.23033,0.001995724496166808,0.8421762127152729
56,17.136667,0.001974086370139174,0.8441502990854121
57,16.797142,0.0018966369662363088,0.8460469360516484
58,16.639198,0.0018611364607417711,0.8479080725123902
59,16.39605,0.0018071402693439933,0.8497152127817342
60,16.221638,0.0017688981119473772,0.8514841108936816
61,15.96107,0.001712527009895595,0.8531966379035771
62,15.687596,0.0016543455699045743,0.8548509834734818
63,15.435797,0.0016016644053442619,0.856452647878826
64,15.401597,0.0015945749385786405,0.8580472228174046
65,15.1236925,0.0015375494769535338,0.8595847722943581
66,14.93735,0.0014998939461336556,0.8610846662404918
67,14.898429,0.001492087762362978,0.8625767540028548
68,14.893627,0.0014911261202799429,0.8640678801231347
69,14.732311,0.001458999668556333,0.8655268797916911
70,14.567717,0.0014265808509795988,0.8669534606426706
71,14.432318,0.0014001855294221508,0.8683536461720928
72,14.297355,0.001374120457106896,0.8697277666291997
73,14.227765,0.001360776478661417,0.8710885431078611
74,14.018248,0.0013209940922331344,0.8724095372000943
75,13.959786,0.001309999015568784,0.8737195362156631
76,13.825885,0.001284988648343135,0.8750045248640063
77,13.715801,0.0012646076013496446,0.8762691324653559
78,13.627382,0.0012483555605286767,0.8775174880258846
79,13.49048,0.0012233993745235185,0.8787408874004081
80,13.445264,0.0012152120892151945,0.8799560994896233
81,13.082981,0.0011506065730436752,0.881106706062667
82,13.028596,0.001141060447613778,0.8822477665102807
83,12.949087,0.001127175989537408,0.8833749424998181
84,12.893445,0.0011175098687377452,0.8844924523685558
85,12.853929,0.0011106703700965851,0.8856031227386524
86,12.669011,0.0010789438812258835,0.8866820666198783
87,12.53259,0.001055832631472946,0.8877378992513512
88,12.4597645,0.0010435976402794957,0.8887814968916307
89,12.451266,0.0010421745526266741,0.8898236714442573
90,12.392962,0.0010324373087290874,0.8908561087529864
91,12.248387,0.0010084891860485494,0.8918645979390349
92,12.064918,0.000978502951028821,0.8928431008900638
93,11.994853,0.0009671710386444824,0.8938102719287083
94,11.917838,0.0009547911493190757,0.8947650630780274
95,11.855783,0.0009448740882806377,0.895709937166308
96,11.722139,0.0009236920003037347,0.8966336291666117
97,11.662224,0.0009142735713519067,0.8975479027379636
98,11.604542,0.0009052518371461016,0.8984531545751097
99,11.569893,0.0008998540971317363,0.8993530086722414
100,11.393133,0.0008725689785839833,0.9002255776508254
101,11.305563,0.0008592070044340299,0.9010847846552594
102,11.2836895,0.0008558855136780502,0.9019406701689375
103,11.270783,0.0008539287414627549,0.9027945989104003
104,11.201975,0.0008435340346537941,0.903638132945054
105,11.103766,0.0008288082366075902,0.9044669411816616
106,11.005943,0.0008142691181320395,0.9052812102997937
107,10.9606285,0.0008075777385490307,0.9060887880383427
108,10.846637,0.0007908672940763834,0.9068796553324191
109,10.773904,0.0007802964168919022,0.907659951749311
110,10.678046,0.0007664732725628517,0.9084264250218739
111,10.64715,0.0007620442148281992,0.909188469236702
112,10.555373,0.0007489634208034555,0.9099374326575055
113,10.501248,0.0007413021877045543,0.91067873484521
114,10.419751,0.0007298407658139427,0.911408575611024
115,10.386672,0.0007252141316973389,0.9121337897427213
116,10.274178,0.0007095901124031169,0.9128433798551244
117,10.183749,0.0006971541425892756,0.9135405339977137
118,10.108522,0.0006868925071126644,0.9142274265048264
119,10.077999,0.0006827505423584933,0.9149101770471848
120,10.049109,0.0006788417987601064,0.9155890188459449
121,9.963465,0.0006673200876688766,0.9162563389336138
122,9.920207,0.0006615381478722982,0.9169178770814861
123,9.863466,0.0006539921703348292,0.9175718692518209
124,9.782464,0.0006432946523578586,0.9182151639041788
125,9.723462,0.000635558123303615,0.9188507220274824
126,9.655905,0.000626757255144645,0.919477479282627
127,9.612474,0.0006211318770214797,0.9200986111596485
128,9.575622,0.0006163783471500806,0.9207149895067986
129,9.557789,0.0006140847123011586,0.9213290742190998
130,9.4333935,0.0005982040122429902,0.9219272782313428
131,9.368472,0.0005899985679350344,0.9225172767992779
132,9.2905035,0.0005802189713423581,0.9230974957706202
133,9.240202,0.0005739530237471781,0.9236714487943674
134,9.17058,0.0005653364938846971,0.924236785288252
135,9.129712,0.0005603089860113721,0.9247970942742634
136,9.094616,0.000556009419684554,0.925353103693948
137,9.0422945,0.0005496303643554062,0.9259027340583034
138,9.015357,0.0005463604849859936,0.9264490945432894
139,8.960903,0.00053978025070438,0.9269888747939937
140,8.934221,0.0005365705473416236,0.9275254453413353
141,8.84877,0.0005263556023779268,0.9280518009437132
142,8.829195,0.0005240293860107527,0.9285758303297239
143,8.768889,0.0005168953314064789,0.9290927256611304
144,8.713476,0.0005103831391632241,0.9296031088002936
145,8.670729,0.0005053876393218783,0.9301084964396155
146,8.61554,0.0004989745359711763,0.9306074709755866
147,8.572994,0.0004940586247137906,0.9311015296003003
148,8.527184,0.0004887926233161304,0.9315903222236165
149,8.502379,0.0004859531312097064,0.9320762753548262
150,8.440106,0.00047886077533978706,0.9325551361301659
151,8.3845625,0.0004725787987350376,0.933027714928901
152,8.36719,0.0004706225377959696,0.933498337466697
153,8.298543,0.00046293190905659365,0.9339612693757535
154,8.253228,0.00045788996693664084,0.9344191593426902
155,8.195277,0.0004514822901100286,0.9348706416328002
156,8.167737,0.00044845297864411123,0.9353190946114444
157,8.15009,0.0004465172634501261,0.9357656118748945
158,8.131577,0.00044449095747580846,0.9362101028323703
159,8.08909,0.00043985830286256055,0.9366499611352328
160,8.021977,0.0004325898178598176,0.9370825509530926
161,7.9723806,0.00042725728212246434,0.937509808235215
162,7.9489512,0.0004247497074833533,0.9379345579426984
163,7.876503,0.0004170424915353274,0.9383516004342337
164,7.8486733,0.0004141006678192507,0.9387657011020529
165,7.825999,0.0004117114773912447,0.9391774125794442
166,7.8005037,0.00040903335071123414,0.9395864459301554
167,7.7733774,0.0004061934638737632,0.9399926393940291
168,7.7159243,0.0004002112884114162,0.9403928506824405
169,7.6865916,0.0003971742085859964,0.9407900248910265
170,7.6293716,0.00039128298567049755,0.941181307876697
171,7.576961,0.0003859255487950033,0.941567233425492
172,7.5621996,0.00038442329199917435,0.9419516567174911
173,7.5411973,0.00038229096030321664,0.9423339476777943
174,7.5227766,0.0003804256159440918,0.9427143732937384
175,7.4709945,0.00037520641258910573,0.9430895797063276
176,7.4577775,0.0003738800279365956,0.9434634597342642
177,7.4482584,0.000372926196827649,0.9438363859310918
178,7.4013686,0.00036824553590828634,0.9442046314670001
179,7.355846,0.0003637296212212206,0.9445683610882213
180,7.3350687,0.00036167775137006927,0.9449300388395914
181,7.308551,0.0003590673910211981,0.9452891062306126
182,7.25497,0.00035382186938301565,0.9456429280999956
183,7.1840377,0.000346937005560145,0.9459898651055557
184,7.139963,0.000342693102037946,0.9463325582075937
185,7.127101,0.0003414595329479245,0.9466740177405416
186,7.0839705,0.0003373392816012618,0.9470113570221429
187,7.03951,0.00033311811819194346,0.9473444751403348
188,7.0256534,0.0003318080046016331,0.9476762831449365
189,7.011461,0.0003304687824002265,0.9480067519273366
190,6.965016,0.00032610514061782076,0.9483328570679544
191,6.944855,0.00032422000934855227,0.948657077077303
192,6.930072,0.0003228411564334345,0.9489799182337364
193,6.889668,0.0003190876603861525,0.9492990058941225
194,6.858953,0.00031624893800523765,0.9496152548321277
195,6.829492,0.0003135380370341678,0.9499287928691619
196,6.7761583,0.00030866011418642945,0.9502374529833483
197,6.757289,0.0003069434713382355,0.9505443964546865
198,6.7246137,0.00030398216222910597,0.9508483786169156
199,6.705326,0.0003022408952407964,0.9511506195121564
200,6.6856875,0.0003004730834131168,0.9514510925955695
201,6.652123,0.0002974636896150291,0.9517485562851845
202,6.6231956,0.00029488222207519114,0.9520434385072597
203,6.6084433,0.0002935700542373559,0.9523370085614971
204,6.554826,0.000288825629545554,0.9526258341910426
205,6.5396943,0.00028749369086553014,0.9529133278819082
206,6.5072575,0.0002846488294140604,0.9531979767113222
207,6.472711,0.000281634508071206,0.9534796112193934
208,6.4470615,0.0002794068527129348,0.9537590180721063
209,6.4126587,0.00027643286390299966,0.9540354509360093
210,6.38479,0.00027403538788741056,0.9543094863238967
211,6.3790526,0.0002735431185607236,0.9545830294424574
212,6.353676,0.0002713710591453174,0.9548544005016028
213,6.324858,0.000268914987223464,0.9551233154888262
214,6.31455,0.000268039145233382,0.9553913546340597
215,6.287543,0.000265751260745982,0.9556571058948057
216,6.2396107,0.000261714874550322,0.955918820769356
217,6.2220697,0.0002602454655727221,0.9561790662349287
218,6.1902122,0.0002575873331154694,0.9564366535680441
219,6.128825,0.0002525037837411052,0.9566891573517852
220,6.117643,0.00025158321603800226,0.9569407405678232
221,6.092246,0.0002494987033504272,0.9571902392711736
222,6.0778117,0.0002483178310892778,0.9574385571022629
223,6.042972,0.0002454791430840144,0.9576840362453469
224,6.0380907,0.0002450827177890107,0.9579291189631359
225,6.025095,0.00024402887512234745,0.9581731478382582
226,6.004368,0.000242352777131543,0.9584155006153898
227,5.9755135,0.00024002909063218863,0.958655529706022
228,5.964111,0.000239113907012161,0.9588946436130341
229,5.927926,0.0002362212582681889,0.9591308648713023
230,5.9227176,0.00023580633538671541,0.959366671206689
231,5.880269,0.00023243836785194296,0.9595991095745409
232,5.864538,0.00023119639608853467,0.9598303059706293
233,5.8635116,0.00023111545792564648,0.960061421428555
234,5.815664,0.00022735892584283956,0.9602887803543978
235,5.8049655,0.0002265232100829074,0.9605153035644807
236,5.767199,0.00022358532867062036,0.9607388888931513
237,5.7428308,0.00022169987938510204,0.9609605887725364
238,5.7159805,0.00021963163956773254,0.9611802204121042
239,5.6986566,0.0002183023396641333,0.9613985227517683
240,5.6748843,0.00021648481959387077,0.9616150075713622
241,5.640242,0.00021384983219754994,0.9618288574035597
242,5.6302776,0.0002130948940005834,0.9620419522975603
243,5.6182094,0.00021218235253141904,0.9622541346500917
244,5.61115,0.0002116494510875141,0.9624657841011792
245,5.596695,0.00021056039846473974,0.962676344499644
246,5.560836,0.00020787083994786089,0.9628842153395919
247,5.549747,0.000207042637140506,0.9630912579767325
248,5.5322757,0.00020574109566462616,0.9632969990723971
249,5.4928007,0.00020281548336298832,0.9634998145557601
250,5.469899,0.00020112778223645215,0.9637009423379965
251,5.4366,0.00019868643478778068,0.9638996287727843
252,5.427208,0.00019800052707595064,0.9640976292998603
253,5.414879,0.00019710194504083322,0.9642947312449012
254,5.395478,0.0001956920746076286,0.9644904233195088
255,5.3761563,0.0001942930203986658,0.9646847163399075
256,5.3672757,0.0001936516638740861,0.9648783680037816
257,5.3583198,0.0001930059401208358,0.9650713739439024
258,5.3289075,0.00019089290359526148,0.9652622668474977
259,5.3111053,0.00018961960522194935,0.9654518864527196
260,5.298601,0.00018872780155438916,0.965640614254274
261,5.2733097,0.00018693041900431478,0.9658275446732784
262,5.25047,0.0001853146746469621,0.9660128593479254
263,5.225471,0.00018355419271795346,0.9661964135406433
264,5.2015276,0.00018187593366620535,0.9663782894743096
265,5.1925664,0.00018124980113779716,0.9665595392754474
266,5.1856694,0.0001807686345516178,0.966740307909999
267,5.168452,0.0001795702389910298,0.96691987814899
268,5.124856,0.00017655367222938934,0.9670964318212194
269,5.1122355,0.0001756851822392917,0.9672721170034587
270,5.101653,0.0001749585901838266,0.9674470755936425
271,5.076963,0.00017326921580160148,0.9676203448094441
272,5.062582,0.00017228900628238374,0.9677926338157266
273,5.036963,0.00017054969260167424,0.9679631835083282
274,5.030118,0.00017008646943431234,0.9681332699777625
275,5.023911,0.00016966696693655577,0.968302936944699
276,4.9894505,0.00016734735437637146,0.9684702842990754
277,4.964782,0.00016569668928925857,0.9686359809883647
278,4.9464436,0.00016447486467204128,0.9688004558530368
279,4.9252167,0.000163066257659828,0.9689635221106966
280,4.90261,0.00016157273798110382,0.9691250948486777
281,4.8890057,0.00016067729149762223,0.9692857721401753
282,4.8751307,0.00015976658069837091,0.9694455387208737
283,4.844302,0.0001577523630349451,0.9696032910839086
284,4.844091,0.0001577386055517264,0.9697610296894603
285,4.8214107,0.00015626498292814676,0.9699172946723885
286,4.7934766,0.00015445950616712936,0.9700717541785556
287,4.790653,0.00015427760676924675,0.9702260317853248
288,4.768472,0.00015285228351337852,0.9703788840688382
289,4.764856,0.0001526205299740236,0.9705315045988122
290,4.730834,0.00015044883950312955,0.9706819534383153
291,4.7125115,0.00014928572285831054,0.9708312391611736
292,4.700658,0.00014853565070737453,0.970979774811881
293,4.677957,0.00014710447475099273,0.971126879286632
294,4.672086,0.00014673544532952935,0.9712736147319615
295,4.660712,0.0001460218724012582,0.9714196366043627
296,4.6535287,0.00014557212230439153,0.9715652087266671
297,4.639889,0.0001447200020055821,0.9717099287286727
298,4.6210485,0.00014354711419052834,0.9718534758428632
299,4.6085024,0.00014276871668764924,0.9719962445595508
300,4.590911,0.00014168084958499907,0.9721379254091358
301,4.578233,0.00014089940540465187,0.9722788248145404
302,4.561224,0.0001398544277485372,0.972418679242289
303,4.5401807,0.00013856696193446965,0.9725572462042235
304,4.524241,0.00013759570528258975,0.9726948419095061
305,4.5113993,0.00013681570470577072,0.9728316576142119
306,4.506195,0.0001365002346395681,0.9729681578488514
307,4.4778104,0.0001347860108584383,0.9731029438597099
308,4.466837,0.00013412619922039225,0.9732370700589302
309,4.448552,0.00013303036746543866,0.9733701004263957
310,4.436626,0.0001323180383329388,0.9735024184647286
311,4.428611,0.00013184038179246294,0.9736342588465211
312,4.409765,0.0001307206709915125,0.9737649795175126
313,4.389799,0.00012953964897185967,0.9738945191664845
314,4.377206,0.00012879747936220276,0.9740233166458467
315,4.3644185,0.00012804605400721603,0.9741513626998539
316,4.3353233,0.00012634451962350646,0.9742777072194774
317,4.3257866,0.00012578927155134837,0.9744034964910288
318,4.322812,0.00012561633984445894,0.9745291128308732
319,4.312633,0.00012502545195148743,0.9746541382828247
320,4.2913017,0.00012379169940043331,0.9747779299822251
321,4.276955,0.0001229653668202528,0.9749008953490453
322,4.2668204,0.00012238329842294984,0.9750232786474683
323,4.2585945,0.000121911872658308,0.9751451905201266
324,4.2440825,0.00012108240734582319,0.9752662729274725
325,4.2356234,0.00012060021766275238,0.9753868731451353
326,4.223425,0.00011990656906774503,0.9755067797142031
327,4.2104807,0.0001191727008265649,0.9756259524150297
328,4.2094345,0.00011911348635555462,0.9757450659013852
329,4.198216,0.0001184794345929946,0.9758635453359782
330,4.1768055,0.00011727405050292593,0.9759808193864811
331,4.1595426,0.00011630665533838698,0.9760971260418194
332,4.1521645,0.00011589441710819007,0.9762130204589277
333,4.1190095,0.00011405097652886079,0.9763270714354565
334,4.1103935,0.00011357434149319144,0.9764406457769497
335,4.106307,0.00011334862577921812,0.9765539944027288
336,4.0964627,0.0001128058019281584,0.976666800204657
337,4.0808043,0.00011194506904697266,0.976778745273704
338,4.0694313,0.00011132196543112664,0.9768900672391352
339,4.0568843,0.00011063655996532788,0.9770007037991005
340,4.0407324,0.000109757346381367,0.977110461145482
341,4.0270014,0.00010901267058926595,0.9772194738160712
342,4.0221753,0.00010875153960906636,0.9773282253556803
343,4.000178,0.00010756525861155303,0.9774357906142919
344,3.9942198,0.00010724507026624975,0.9775430356845581
345,3.9738326,0.00010615307035108189,0.9776491887549092
346,3.9666176,0.00010576795017611603,0.9777549567050854
347,3.9585652,0.00010533896201615675,0.9778602956671015
348,3.9498239,0.00010487425268815673,0.9779651699197897
349,3.9352605,0.00010410231859595524,0.9780692722383856
350,3.9263942,0.00010363375309706773,0.9781729059914827
351,3.912444,0.00010289865932026835,0.9782758046508029
352,3.8996363,0.00010222606030864048,0.9783780307111115
353,3.8865197,0.0001015395331345587,0.978479570244246
354,3.8782067,0.00010110562853223115,0.9785806758727783
355,3.8743362,0.00010090392047740218,0.9786815797932558
356,3.8673174,0.00010053865358442529,0.9787821184468402
357,3.8557122,9.993615490412054e-05,0.9788820546017443
358,3.8358734,9.891039690170317e-05,0.978980964998646
359,3.8195033,9.80679739197761e-05,0.9790790329725657
360,3.8140132,9.778625531431997e-05,0.97917681922788
361,3.7942228,9.677408821754913e-05,0.9792735933160975
362,3.7876556,9.643937480909796e-05,0.9793700326909066
363,3.7792027,9.60094085675996e-05,0.9794660420994742
364,3.7707798,9.558192589405058e-05,0.9795616240253683
365,3.7552512,9.479630335339787e-05,0.9796564203287217
366,3.7439713,9.422767058196507e-05,0.9797506479993037
367,3.73516,9.378467296069719e-05,0.9798444326722644
368,3.7288678,9.346895515696675e-05,0.9799379016274213
369,3.7222528,9.313762585909033e-05,0.9800310392532804
370,3.7153623,9.279311724112049e-05,0.9801238323705215
371,3.7106519,9.255797519565074e-05,0.9802163903457172
372,3.6914,9.160003715657406e-05,0.9803079903828738
373,3.680139,9.104201938859583e-05,0.9803990324022623
374,3.6732745,9.070269557134701e-05,0.9804897350978337
375,3.6631048,9.020115595901786e-05,0.9805799362537927
376,3.6560206,8.985261067629884e-05,0.980669788864469
377,3.6334877,8.874845701231278e-05,0.9807585373214813
378,3.6160927,8.790073938788238e-05,0.9808464380608692
379,3.604822,8.735364924461684e-05,0.9809337917101139
380,3.598764,8.706029672159793e-05,0.9810208520068354
381,3.5960953,8.69312276088527e-05,0.9811077832344443
382,3.5884888,8.65638604839739e-05,0.9811943470949283
383,3.5781837,8.606739851989787e-05,0.9812804144934482
384,3.552843,8.485266323809531e-05,0.9813652671566863
385,3.5427427,8.437089436814921e-05,0.9814496380510545
386,3.5307293,8.37996613817231e-05,0.9815334377124362
387,3.5160291,8.310331505363065e-05,0.9816165410274899
388,3.5127687,8.294926498134577e-05,0.9816994902924712
389,3.5117705,8.290212663742169e-05,0.9817823924191086
390,3.4951935,8.212130941337424e-05,0.9818645137285219
391,3.4939237,8.206165027190151e-05,0.9819465753787938
392,3.4789479,8.135968646907278e-05,0.9820279350652629
393,3.4695122,8.091895507929744e-05,0.9821088540203422
394,3.455461,8.026485394026792e-05,0.9821891188742825
395,3.4480145,7.99192847558757e-05,0.9822690381590384
396,3.4431345,7.969322639783268e-05,0.9823487313854362
397,3.4292834,7.90533305221439e-05,0.9824277847159584
398,3.4221535,7.872494879436809e-05,0.9825065096647527
399,3.4144337,7.837017110067265e-05,0.9825848798358534
400,3.4064994,7.800636701225479e-05,0.9826628862028657
401,3.3979242,7.761412954795513e-05,0.9827405003324137
402,3.3846977,7.701107546496548e-05,0.9828175114078787
403,3.370072,7.63469605620165e-05,0.9828938583684407
404,3.3529813,7.557457127936971e-05,0.9829694329397201
405,3.3466341,7.528871741096801e-05,0.983044721657131
406,3.3456607,7.524492408161246e-05,0.9831199665812126
407,3.332437,7.46512918479316e-05,0.9831946178730605
408,3.3260317,7.43645897361121e-05,0.9832689824627966
409,3.3239827,7.427299480243102e-05,0.983343255457599
410,3.3116932,7.372480159072148e-05,0.9834169802591898
411,3.3064368,7.349095108619052e-05,0.983490471210276
412,3.2937717,7.292902730030886e-05,0.9835634002375763
413,3.289985,7.276143277579096e-05,0.9836361616703521
414,3.2833705,7.246915616981174e-05,0.9837086308265218
415,3.2732131,7.202147244576698e-05,0.9837806522989676
416,3.2718046,7.195949911603937e-05,0.9838526117980837
417,3.2578475,7.134687190993003e-05,0.9839239586699936
418,3.2530432,7.11365955130368e-05,0.9839950952655067
419,3.236069,7.039615820861901e-05,0.9840654914237152
420,3.2244864,6.989313292240994e-05,0.9841353845566376
421,3.2194717,6.967590910409028e-05,0.9842050604657417
422,3.1998272,6.88282095148167e-05,0.9842738886752566
423,3.1922357,6.850201154310783e-05,0.9843423906867996
424,3.1873236,6.829135514352962e-05,0.9844106820419432
425,3.1803377,6.799232435189217e-05,0.984478674366295
426,3.1648076,6.732991035007847e-05,0.9845460042766451
427,3.1602266,6.713513491734066e-05,0.9846131394115624
428,3.1467476,6.656366685171146e-05,0.9846797030784141
429,3.139699,6.626580016139766e-05,0.9847459688785756
430,3.1337082,6.601316276518526e-05,0.9848119820413408
431,3.1258726,6.568345254656134e-05,0.9848776654938873
432,3.121568,6.550267139680185e-05,0.9849431681652842
433,3.115315,6.52405094064995e-05,0.9850084086746906
434,3.1108377,6.505311969426401e-05,0.9850734617943849
435,3.1013308,6.465611335868115e-05,0.9851381179077436
436,3.092215,6.42765864194669e-05,0.9852023944941631
437,3.0852692,6.398814981470522e-05,0.9852663826439778
438,3.0743794,6.35372417381044e-05,0.9853299198857159
439,3.067185,6.324021592290056e-05,0.9853931601016388
440,3.0573099,6.283365709436185e-05,0.9854559937587332
441,3.0497243,6.252224932190897e-05,0.9855185160080551
442,3.0439353,6.228511289079086e-05,0.9855808011209458
443,3.0368407,6.199511044131441e-05,0.9856427962313872
444,3.0313284,6.177025726697843e-05,0.9857045664886541
445,3.0237696,6.146258471251054e-05,0.9857660290733666
446,3.017798,6.122005839650321e-05,0.9858272491317631
447,3.007369,6.0797660991323315e-05,0.9858880467927544
448,2.9965234,6.035993497860152e-05,0.985948406727733
449,2.9908426,6.013129156983133e-05,0.9860085380193028
450,2.9893894,6.0072873761433077e-05,0.9860686108930642
451,2.9843721,5.987139480423558e-05,0.9861284822878684
452,2.9600365,5.8898950929984743e-05,0.9861873812387985
453,2.959101,5.8861725395407686e-05,0.9862462429641938
454,2.949222,5.846936506296695e-05,0.9863047123292568
455,2.942185,5.8190669505134956e-05,0.986362902998762
456,2.9398623,5.809882987076185e-05,0.9864210018286327
457,2.925218,5.752146356194893e-05,0.9864785232921947
458,2.920578,5.733912242876201e-05,0.9865358624146234
459,2.908423,5.6862840052037106e-05,0.9865927252546755
460,2.902818,5.664388420186334e-05,0.9866493691388774
461,2.8954623,5.635717869035968e-05,0.9867057263175677
462,2.8905213,5.616500041281774e-05,0.9867618913179805
463,2.8847477,5.5940855882577243e-05,0.9868178321738631
464,2.8788316,5.571164112608396e-05,0.9868735438149892
465,2.8677917,5.5285165580284405e-05,0.9869288289805694
466,2.8581793,5.4915174828227326e-05,0.9869837441553977
467,2.8537014,5.4743235794996844e-05,0.9870384873911927
468,2.8503208,5.46136133154801e-05,0.9870931010045082
469,2.8460095,5.444852392495727e-05,0.9871475495284332
470,2.8432615,5.4343427304253455e-05,0.9872018929557375
471,2.8335578,5.397312791235174e-05,0.9872558660836498
472,2.8253214,5.365981253133826e-05,0.9873095258961812
473,2.8160706,5.330899384837855e-05,0.9873628348900295
474,2.8061433,5.293380429442307e-05,0.9874157686943239
475,2.799952,5.270048400997836e-05,0.9874684691783339
476,2.7934742,5.2456915538705484e-05,0.9875209260938725
477,2.7887676,5.228029902479922e-05,0.9875732063928974
478,2.781265,5.1999380489299865e-05,0.9876252057733866
479,2.7663627,5.1443635463872436e-05,0.9876766494088505
480,2.7624168,5.129698589663195e-05,0.9877279463947471
481,2.7551832,5.1028686737510527e-05,0.9877789750814847
482,2.7467856,5.071809803227848e-05,0.987829693179517
483,2.7395422,5.045095900424828e-05,0.9878801441385212
484,2.727339,5.000249521456801e-05,0.9879301466337358
485,2.7189555,4.969556434964321e-05,0.9879798421980854
486,2.708713,4.932185745471951e-05,0.9880291640555402
487,2.703767,4.914190272299246e-05,0.9880783059582632
488,2.6971042,4.8900002093410395e-05,0.9881272059603566
489,2.6854262,4.847746225649259e-05,0.9881756834226131
490,2.6781237,4.82141696495618e-05,0.9882238975922626
491,2.6646333,4.772965723638522e-05,0.988271627249499
492,2.653158,4.731944398523285e-05,0.9883189466934843
493,2.6399581,4.684977444364556e-05,0.988365796467928
494,2.632343,4.6579883294795924e-05,0.9884123763512228
495,2.622461,4.623081240772543e-05,0.9884586071636305
496,2.6181746,4.6079803343846e-05,0.9885046869669744
497,2.6073134,4.569828412625552e-05,0.9885503852511006
498,2.6032274,4.5555165402619213e-05,0.9885959404165032
499,2.6004267,4.545719635136954e-05,0.9886413976128546
500,2.588291,4.503390454024609e-05,0.9886864315173949
