resena_id,theta_comida,theta_servicio,theta_precio,theta_ambiente,prop_comida,prop_servicio,prop_precio,prop_ambiente,tema_dominante,n_oraciones
1,0.0057,0.002994,0.691235,0.300071,0.0,0.0,0.75,0.25,precio,8
2,0.04944,0.239498,0.14974,0.561322,0.0,0.2,0.0,0.8,ambiente,5
3,0.794449,0.019713,0.175564,0.010275,0.666667,0.0,0.333333,0.0,comida,6
4,0.036783,0.483299,0.475843,0.004076,0.0,0.6,0.4,0.0,servicio,5
5,0.925607,0.048465,0.000809,0.025119,1.0,0.0,0.0,0.0,comida,3
6,0.046377,3.8e-05,0.934312,0.019273,0.0,0.0,1.0,0.0,precio,3
7,0.0,0.206352,0.770919,0.022729,0.0,0.0,1.0,0.0,precio,6
8,0.053162,0.076018,0.044502,0.826319,0.25,0.0,0.0,0.75,ambiente,4
9,0.282969,0.172733,0.001134,0.543164,0.333333,0.0,0.0,0.666667,ambiente,9
10,0.724376,3e-06,0.005438,0.270182,0.714286,0.0,0.0,0.285714,comida,7
11,0.507358,0.277772,0.148353,0.066517,0.333333,0.166667,0.5,0.0,precio,6
12,0.016863,0.022182,0.035771,0.925185,0.0,0.0,0.0,1.0,ambiente,8
13,0.286815,0.01708,0.555175,0.140931,0.25,0.0,0.75,0.0,precio,4
14,0.022367,0.074077,0.311335,0.592221,0.0,0.0,0.444444,0.555556,ambiente,9
15,0.857266,0.106173,0.001473,0.035089,1.0,0.0,0.0,0.0,comida,9
16,0.009241,0.053785,0.005632,0.931341,0.0,0.0,0.0,1.0,ambiente,9
17,7.4e-05,1e-06,0.991666,0.008259,0.0,0.0,1.0,0.0,precio,7
18,0.800609,5.9e-05,4e-06,0.199327,0.8,0.0,0.0,0.2,comida,5
19,0.146578,0.056188,0.795608,0.001626,0.0,0.0,1.0,0.0,precio,7
20,0.596782,0.044844,0.019639,0.338736,0.428571,0.142857,0.0,0.428571,comida,7
21,0.003508,0.097427,0.578876,0.320189,0.0,0.0,1.0,0.0,precio,6
22,0.411403,0.300524,0.286711,0.001362,0.555556,0.222222,0.222222,0.0,comida,9
23,0.027339,0.118029,0.714741,0.139891,0.0,0.0,0.666667,0.333333,precio,3
24,0.000659,0.005393,0.859889,0.134059,0.0,0.0,0.75,0.25,precio,8
25,0.15631,0.103452,0.489398,0.25084,0.166667,0.0,0.5,0.333333,precio,6
26,0.006391,0.151717,0.662024,0.179868,0.0,0.0,0.666667,0.333333,precio,6
27,0.003801,0.031678,0.86478,0.099742,0.0,0.333333,0.666667,0.0,precio,3
28,0.18437,0.001201,0.454614,0.359815,0.125,0.0,0.25,0.625,ambiente,8
29,0.000217,0.027151,0.150451,0.822181,0.0,0.0,0.166667,0.833333,ambiente,6
30,0.061599,0.081977,0.305475,0.55095,0.0,0.0,0.333333,0.666667,ambiente,3
31,0.971311,0.006324,0.00176,0.020605,0.888889,0.111111,0.0,0.0,comida,9
32,0.978034,0.000584,0.000388,0.020994,1.0,0.0,0.0,0.0,comida,9
33,0.980587,1e-06,0.00105,0.018363,1.0,0.0,0.0,0.0,comida,6
34,0.59167,0.054714,0.136674,0.216941,0.333333,0.0,0.666667,0.0,precio,3
35,0.105863,0.204412,0.089353,0.600372,0.125,0.125,0.125,0.625,ambiente,8
36,0.389835,0.487593,0.035963,0.086609,0.5,0.5,0.0,0.0,comida,6
37,0.03931,0.772728,0.187328,0.000634,0.0,1.0,0.0,0.0,servicio,8
38,0.773118,0.0,0.225188,0.001694,0.5,0.0,0.5,0.0,comida,4
39,0.15981,0.172459,0.635359,0.032372,0.25,0.375,0.375,0.0,servicio,8
40,0.938393,0.001265,0.060055,0.000287,0.875,0.0,0.125,0.0,comida,8
41,0.030586,0.786987,0.000145,0.182283,0.0,1.0,0.0,0.0,servicio,4
42,0.779672,0.038853,0.00024,0.181235,1.0,0.0,0.0,0.0,comida,4
43,0.113079,0.822532,0.055037,0.009351,0.5,0.25,0.25,0.0,comida,4
44,0.009132,0.513273,0.362134,0.11546,0.0,0.571429,0.428571,0.0,servicio,7
45,0.142531,0.000664,0.025249,0.831556,0.25,0.0,0.0,0.75,ambiente,4
46,0.017816,0.279866,0.144032,0.558286,0.0,0.166667,0.0,0.833333,ambiente,6
47,0.6033,0.034273,0.044491,0.317936,0.333333,0.166667,0.333333,0.166667,comida,6
48,0.230094,0.290003,0.479662,0.000241,0.0,0.5,0.5,0.0,servicio,4
49,0.286311,0.166581,0.326944,0.220164,0.333333,0.166667,0.0,0.5,ambiente,6
50,0.05252,0.706687,0.019087,0.221706,0.0,1.0,0.0,0.0,servicio,6
51,0.10148,2.1e-05,0.269227,0.629273,0.0,0.0,0.0,1.0,ambiente,4
52,0.779911,0.062464,0.153282,0.004343,0.5,0.0,0.5,0.0,comida,4
53,0.032978,0.159496,0.803664,0.003862,0.0,0.333333,0.666667,0.0,precio,3
54,0.041748,0.072878,0.884608,0.000766,0.0,0.0,1.0,0.0,precio,4
55,0.014835,0.493144,0.179101,0.31292,0.0,0.571429,0.142857,0.285714,servicio,7
56,0.264239,0.103218,0.052203,0.58034,0.0,0.25,0.0,0.75,ambiente,4
57,0.885484,0.10172,0.005075,0.007721,0.333333,0.666667,0.0,0.0,servicio,3
58,5.8e-05,0.20409,0.794784,0.001068,0.0,0.4,0.6,0.0,precio,5
59,0.046531,0.044899,0.271344,0.637226,0.0,0.25,0.25,0.5,ambiente,4
60,0.326773,0.181094,0.082027,0.410105,0.375,0.125,0.0,0.5,ambiente,8
61,0.779494,0.035658,0.179119,0.005729,0.8,0.2,0.0,0.0,comida,5
62,0.017517,0.780527,0.139811,0.062144,0.0,0.833333,0.166667,0.0,servicio,6
63,0.103482,0.872291,0.023277,0.000949,0.0,1.0,0.0,0.0,servicio,8
64,0.012426,0.435066,0.001016,0.551491,0.0,0.666667,0.0,0.333333,servicio,6
65,0.017129,0.224535,0.387756,0.370581,0.0,0.125,0.375,0.5,ambiente,8
66,0.290174,0.177423,7e-05,0.532333,0.375,0.25,0.0,0.375,comida,8
67,0.012582,0.15166,0.046949,0.788809,0.0,0.285714,0.0,0.714286,ambiente,7
68,0.892176,0.022326,0.003569,0.081929,1.0,0.0,0.0,0.0,comida,4
69,0.004531,0.988055,0.007357,5.7e-05,0.0,1.0,0.0,0.0,servicio,4
70,0.774959,0.107402,0.010705,0.106934,1.0,0.0,0.0,0.0,comida,7
71,0.039473,0.035147,0.234157,0.691224,0.0,0.0,0.0,1.0,ambiente,3
72,0.123279,0.529152,0.081354,0.266215,0.0,0.5,0.0,0.5,servicio,4
73,0.087313,0.868099,0.030198,0.01439,0.125,0.875,0.0,0.0,servicio,8
74,0.021055,0.747847,0.230586,0.000513,0.0,0.714286,0.285714,0.0,servicio,7
75,0.338659,0.008122,0.652947,0.000272,0.333333,0.0,0.666667,0.0,precio,3
76,0.500238,0.414413,0.072071,0.013279,0.666667,0.0,0.0,0.333333,comida,3
77,0.199551,0.032388,0.289287,0.478774,0.2,0.0,0.2,0.6,ambiente,5
78,0.066278,0.043821,0.253293,0.636608,0.0,0.166667,0.333333,0.5,ambiente,6
79,0.475196,0.277649,0.187047,0.060108,1.0,0.0,0.0,0.0,comida,5
80,0.667287,0.020836,0.303431,0.008447,0.666667,0.333333,0.0,0.0,comida,3
81,0.044352,0.940748,0.013707,0.001192,0.0,1.0,0.0,0.0,servicio,4
82,0.220906,0.252082,0.040787,0.486225,0.0,0.333333,0.0,0.666667,ambiente,3
83,0.262526,0.110721,0.594688,0.032065,0.0,0.25,0.75,0.0,precio,8
84,0.321147,1.8e-05,0.667837,0.010999,0.25,0.0,0.75,0.0,precio,4
85,0.082203,0.886865,0.000908,0.030024,0.0,1.0,0.0,0.0,servicio,3
86,0.045674,0.359047,0.430997,0.164281,0.0,0.5,0.5,0.0,servicio,6
87,0.934205,0.056227,0.002715,0.006852,1.0,0.0,0.0,0.0,comida,3
88,0.207943,0.435959,9e-06,0.356089,0.0,0.375,0.0,0.625,ambiente,8
89,0.425669,0.130283,0.353725,0.090323,0.222222,0.111111,0.555556,0.111111,precio,9
90,0.010547,0.924921,0.00288,0.061651,0.0,0.875,0.0,0.125,servicio,8
91,0.101881,0.697497,0.058572,0.14205,0.0,0.5,0.0,0.5,servicio,4
92,0.496719,0.142936,0.121503,0.238842,0.333333,0.0,0.333333,0.333333,comida,3
93,0.036753,0.165089,0.069021,0.729137,0.0,0.2,0.0,0.8,ambiente,5
94,0.154964,0.09868,0.539466,0.20689,0.333333,0.222222,0.444444,0.0,precio,9
95,0.27679,0.374119,0.037147,0.311944,0.25,0.25,0.0,0.5,ambiente,8
96,0.804319,0.064428,0.106015,0.025239,0.75,0.0,0.0,0.25,comida,4
97,1e-06,0.890606,0.004159,0.105235,0.0,1.0,0.0,0.0,servicio,9
98,0.012834,0.007085,0.978383,0.001697,0.0,0.0,1.0,0.0,precio,4
99,0.194584,0.144965,0.323712,0.336738,0.125,0.25,0.25,0.375,ambiente,8
100,0.011119,0.698572,0.286319,0.00399,0.0,1.0,0.0,0.0,servicio,4
101,0.048965,0.002854,0.00095,0.947231,0.111111,0.0,0.0,0.888889,ambiente,9
102,0.514478,0.335246,0.000187,0.150089,1.0,0.0,0.0,0.0,comida,3
103,0.239608,0.311354,0.07406,0.374978,0.0,0.166667,0.333333,0.5,ambiente,6
104,0.012107,0.528423,0.089267,0.370204,0.0,0.166667,0.166667,0.666667,ambiente,6
105,0.487572,0.11293,0.130823,0.268676,0.666667,0.0,0.333333,0.0,comida,3
106,0.749421,0.006572,0.000248,0.243759,0.571429,0.0,0.0,0.428571,comida,7
107,0.926545,0.03914,0.007225,0.027089,0.833333,0.0,0.0,0.166667,comida,6
108,0.005327,0.889191,6.5e-05,0.105417,0.0,0.888889,0.0,0.111111,servicio,9
109,0.129593,0.471742,0.05029,0.348375,0.4,0.2,0.2,0.2,comida,5
110,0.178049,0.059951,0.758685,0.003315,0.375,0.0,0.625,0.0,precio,8
111,0.629152,0.103782,0.261623,0.005443,0.75,0.0,0.25,0.0,comida,4
112,0.397195,0.428017,0.055741,0.119047,0.428571,0.428571,0.0,0.142857,comida,7
113,0.107105,0.003947,0.888545,0.000403,0.0,0.0,1.0,0.0,precio,4
114,0.35043,0.341068,0.17786,0.130643,0.375,0.5,0.125,0.0,servicio,8
115,0.038234,0.029317,0.751917,0.180531,0.0,0.0,1.0,0.0,precio,6
116,0.006885,0.278918,0.529447,0.184751,0.0,0.285714,0.571429,0.142857,precio,7
117,0.044926,0.038386,0.658809,0.257879,0.0,0.0,0.4,0.6,ambiente,5
118,0.021669,0.143055,0.827883,0.007392,0.0,0.166667,0.833333,0.0,precio,6
119,0.924413,0.000259,0.033618,0.04171,0.666667,0.0,0.0,0.333333,comida,3
120,0.010494,0.280536,0.017914,0.691057,0.0,0.142857,0.0,0.857143,ambiente,7
121,0.696747,0.223971,0.076689,0.002593,0.6,0.4,0.0,0.0,comida,5
122,0.009204,0.066014,0.871566,0.053217,0.0,0.0,1.0,0.0,precio,9
123,0.897934,0.06448,0.015762,0.021823,0.833333,0.0,0.166667,0.0,comida,6
124,0.01213,0.04403,0.803515,0.140326,0.0,0.25,0.5,0.25,precio,4
125,0.132259,6.4e-05,0.396153,0.471524,0.0,0.0,0.333333,0.666667,ambiente,6
126,0.010238,0.958232,0.015965,0.015565,0.142857,0.857143,0.0,0.0,servicio,7
127,0.845858,0.030249,0.123893,0.0,0.857143,0.0,0.142857,0.0,comida,7
128,0.772287,0.0,0.001469,0.226245,0.666667,0.0,0.0,0.333333,comida,3
129,0.135835,0.580251,0.269478,0.014436,0.0,0.5,0.5,0.0,servicio,4
130,2.2e-05,0.924555,0.001605,0.073819,0.0,1.0,0.0,0.0,servicio,9
131,0.344906,0.000465,0.001032,0.653597,0.222222,0.0,0.0,0.777778,ambiente,9
132,0.200641,0.001095,0.786538,0.011725,0.333333,0.0,0.666667,0.0,precio,9
133,0.003881,0.326566,0.075358,0.594196,0.0,0.333333,0.0,0.666667,ambiente,3
134,0.090535,0.164294,0.276328,0.468843,0.0,0.111111,0.444444,0.444444,precio,9
135,0.171191,0.014339,0.291945,0.522526,0.5,0.0,0.25,0.25,comida,4
136,0.740319,0.232763,0.00662,0.020298,0.857143,0.142857,0.0,0.0,comida,7
137,0.035351,0.055256,0.000479,0.908913,0.0,0.0,0.0,1.0,ambiente,7
138,0.087919,0.001387,0.668125,0.242569,0.0,0.0,0.666667,0.333333,precio,9
139,0.16868,0.095043,0.08513,0.651147,0.0,0.0,0.5,0.5,precio,4
140,0.192542,0.114053,0.515718,0.177688,0.25,0.25,0.25,0.25,comida,4
141,0.005706,0.000142,0.080129,0.914024,0.0,0.0,0.2,0.8,ambiente,5
142,0.000624,0.033629,0.735921,0.229827,0.0,0.0,0.6,0.4,precio,5
143,0.016978,0.150312,0.832549,0.000162,0.0,0.0,1.0,0.0,precio,3
144,0.18428,0.157564,0.533655,0.124501,0.666667,0.0,0.333333,0.0,comida,3
145,0.026543,0.610724,0.217252,0.145481,0.0,0.666667,0.222222,0.111111,servicio,9
146,0.000398,0.016455,0.060977,0.922171,0.0,0.0,0.0,1.0,ambiente,7
147,0.212358,3e-06,0.140096,0.647543,0.125,0.0,0.0,0.875,ambiente,8
148,0.335265,0.111052,0.22337,0.330312,0.75,0.0,0.25,0.0,comida,4
149,0.206434,0.787861,0.002062,0.003643,0.166667,0.833333,0.0,0.0,servicio,6
150,0.008093,0.009875,0.465877,0.516154,0.0,0.0,0.714286,0.285714,precio,7
151,0.359658,0.260002,0.318585,0.061754,0.25,0.75,0.0,0.0,servicio,4
152,0.011163,0.024639,0.007116,0.957082,0.0,0.0,0.0,1.0,ambiente,4
153,0.185389,0.154191,0.53936,0.121059,0.142857,0.142857,0.714286,0.0,precio,7
154,0.112227,0.801743,0.003145,0.082886,0.25,0.5,0.0,0.25,servicio,4
155,0.172521,0.00025,3.2e-05,0.827196,0.0,0.0,0.0,1.0,ambiente,5
156,0.003985,0.002723,0.584522,0.40877,0.0,0.0,0.6,0.4,precio,5
157,5.4e-05,0.000373,0.104114,0.89546,0.0,0.0,0.25,0.75,ambiente,8
158,0.622384,0.097181,0.270348,0.010087,0.625,0.25,0.125,0.0,comida,8
159,0.172773,0.029275,0.008601,0.789351,0.0,0.166667,0.0,0.833333,ambiente,6
160,0.645321,0.080238,0.266074,0.008367,1.0,0.0,0.0,0.0,comida,4
161,0.022195,0.811756,0.079134,0.086915,0.0,0.714286,0.0,0.285714,servicio,7
162,0.321624,0.581101,0.003186,0.094089,0.428571,0.571429,0.0,0.0,servicio,7
163,0.012712,1e-06,0.986078,0.001209,0.0,0.0,1.0,0.0,precio,8
164,0.670126,0.038811,0.265761,0.025303,1.0,0.0,0.0,0.0,comida,5
165,0.185576,0.545844,0.181279,0.087301,0.125,0.375,0.5,0.0,precio,8
166,0.035594,0.904861,0.006945,0.0526,0.0,1.0,0.0,0.0,servicio,4
167,0.192077,0.209243,0.558177,0.040503,0.0,0.333333,0.666667,0.0,precio,3
168,0.413334,0.064623,0.310556,0.211487,1.0,0.0,0.0,0.0,comida,4
169,0.5543,0.262481,0.08167,0.101549,0.2,0.4,0.2,0.2,servicio,5
170,0.183583,0.002478,0.565074,0.248865,0.333333,0.0,0.333333,0.333333,comida,3
171,0.236059,0.618277,0.040649,0.105015,0.0,0.625,0.0,0.375,servicio,8
172,0.240897,0.641961,0.099749,0.017393,0.111111,0.777778,0.111111,0.0,servicio,9
173,0.900714,0.001185,0.097656,0.000445,1.0,0.0,0.0,0.0,comida,7
174,0.020807,0.971333,0.006101,0.001759,0.0,1.0,0.0,0.0,servicio,3
175,0.61325,0.186387,0.002571,0.197792,0.555556,0.333333,0.0,0.111111,comida,9
176,0.000769,0.460758,0.000213,0.538259,0.0,0.625,0.0,0.375,servicio,8
177,0.43553,0.498452,1.4e-05,0.066004,0.428571,0.571429,0.0,0.0,servicio,7
178,0.139658,0.048104,0.811098,0.001139,0.166667,0.0,0.833333,0.0,precio,6
179,0.976864,0.009204,0.0058,0.008132,0.833333,0.0,0.0,0.166667,comida,6
180,0.043464,0.904425,0.046517,0.005595,0.125,0.875,0.0,0.0,servicio,8
181,0.020279,0.001543,0.080448,0.89773,0.0,0.0,0.0,1.0,ambiente,6
182,0.017672,0.254594,0.125485,0.602249,0.0,0.222222,0.111111,0.666667,ambiente,9
183,0.505276,0.452257,0.042289,0.000177,0.5,0.0,0.5,0.0,comida,4
184,0.489608,0.488334,0.022058,1e-06,0.2,0.8,0.0,0.0,servicio,5
185,0.428694,0.001559,0.000716,0.569031,0.888889,0.0,0.0,0.111111,comida,9
186,0.590319,4.9e-05,0.00477,0.404862,0.875,0.0,0.0,0.125,comida,8
187,0.722804,0.070273,0.104614,0.102309,0.666667,0.0,0.333333,0.0,comida,6
188,0.000131,0.988343,0.005178,0.006347,0.0,1.0,0.0,0.0,servicio,4
189,0.00103,0.175609,0.817314,0.006047,0.0,0.0,1.0,0.0,precio,6
190,0.457949,0.365013,0.077243,0.099794,0.0,0.571429,0.285714,0.142857,servicio,7
191,0.286497,0.580097,0.026145,0.10726,0.428571,0.428571,0.0,0.142857,comida,7
192,0.035735,0.693043,0.266668,0.004554,0.0,0.666667,0.333333,0.0,servicio,6
193,0.002391,0.013125,0.844194,0.14029,0.0,0.0,0.666667,0.333333,precio,3
194,0.445869,0.025763,0.509527,0.01884,0.5,0.0,0.5,0.0,comida,6
195,0.108723,0.483678,0.0,0.407598,0.0,0.6,0.0,0.4,servicio,5
196,0.120145,0.549479,0.327388,0.002988,0.0,0.75,0.25,0.0,servicio,8
197,0.744253,0.142443,0.102214,0.01109,1.0,0.0,0.0,0.0,comida,3
198,1e-06,0.487408,0.01603,0.49656,0.0,0.166667,0.0,0.833333,ambiente,6
199,0.368536,0.225202,0.01031,0.395952,0.555556,0.111111,0.0,0.333333,comida,9
200,0.170376,0.001669,0.134047,0.693908,0.25,0.0,0.0,0.75,ambiente,4
201,0.000114,0.221738,2e-06,0.778145,0.0,0.142857,0.0,0.857143,ambiente,7
202,0.105569,0.277431,0.613399,0.003602,0.0,0.25,0.75,0.0,precio,8
203,0.812316,0.060147,0.014007,0.11353,0.857143,0.0,0.0,0.142857,comida,7
204,0.072688,0.400522,0.52677,2e-05,0.0,0.666667,0.333333,0.0,servicio,6
205,0.108868,0.785699,0.002901,0.102532,0.0,1.0,0.0,0.0,servicio,4
206,0.145596,0.090238,0.67407,0.090096,0.111111,0.0,0.666667,0.222222,precio,9
207,0.193978,0.45629,0.194879,0.154853,0.5,0.5,0.0,0.0,comida,4
208,0.000271,0.635362,0.360429,0.003938,0.0,0.875,0.125,0.0,servicio,8
209,0.11,0.24991,0.008081,0.632009,0.0,0.75,0.0,0.25,servicio,4
210,0.001084,0.646888,0.342849,0.009179,0.0,0.571429,0.428571,0.0,servicio,7
211,0.0,0.687231,0.116828,0.195941,0.0,0.5,0.25,0.25,servicio,4
212,0.399355,0.347783,0.002016,0.250845,0.428571,0.285714,0.0,0.285714,comida,7
213,0.128198,0.068629,0.368225,0.434948,0.0,0.0,0.222222,0.777778,ambiente,9
214,0.131812,0.616922,0.229606,0.021659,0.0,0.125,0.75,0.125,precio,8
215,0.078619,0.229531,0.37959,0.31226,0.0,0.333333,0.333333,0.333333,servicio,3
216,0.262421,0.301018,0.295642,0.140919,0.833333,0.166667,0.0,0.0,comida,6
217,0.80641,0.015887,0.07598,0.101723,1.0,0.0,0.0,0.0,comida,4
218,0.075065,0.058204,0.116978,0.749753,0.0,0.0,0.0,1.0,ambiente,7
219,0.20163,0.707723,5e-05,0.090597,0.333333,0.666667,0.0,0.0,servicio,9
220,0.127264,0.342882,0.20524,0.324615,0.5,0.5,0.0,0.0,comida,4
221,4.8e-05,0.723427,0.270942,0.005584,0.0,0.333333,0.666667,0.0,precio,3
222,0.608048,0.29045,0.014424,0.087078,1.0,0.0,0.0,0.0,comida,4
223,0.324442,0.02823,0.558925,0.088404,0.111111,0.0,0.666667,0.222222,precio,9
224,0.038491,0.148274,0.002419,0.810816,0.0,0.0,0.0,1.0,ambiente,6
225,0.032808,5.9e-05,0.960349,0.006784,0.0,0.0,1.0,0.0,precio,4
226,0.694369,0.018287,0.193,0.094344,0.5,0.0,0.166667,0.333333,comida,6
227,0.343435,0.327143,0.316034,0.013389,0.666667,0.333333,0.0,0.0,comida,6
228,0.062017,0.004839,0.71571,0.217435,0.0,0.0,0.875,0.125,precio,8
229,0.447989,0.231763,0.00049,0.319758,0.5,0.5,0.0,0.0,comida,6
230,0.035245,0.025597,0.890083,0.049075,0.0,0.0,1.0,0.0,precio,9
231,0.032862,0.512714,0.403611,0.050814,0.0,0.5,0.5,0.0,servicio,4
232,0.196498,0.621713,0.088883,0.092906,0.333333,0.666667,0.0,0.0,servicio,3
233,0.159584,0.02731,0.808899,0.004207,0.166667,0.0,0.833333,0.0,precio,6
234,0.48571,0.469265,0.038563,0.006462,0.333333,0.444444,0.222222,0.0,servicio,9
235,0.636749,0.056406,0.093557,0.213288,0.75,0.0,0.0,0.25,comida,4
236,0.548551,0.010722,0.081871,0.358856,0.6,0.0,0.0,0.4,comida,5
237,0.002371,0.415932,0.435986,0.14571,0.0,0.571429,0.285714,0.142857,servicio,7
238,0.039061,0.259517,0.026537,0.674884,0.0,0.166667,0.0,0.833333,ambiente,6
239,0.000154,0.501399,0.391285,0.107161,0.0,0.833333,0.166667,0.0,servicio,6
240,0.008398,0.537723,0.277346,0.176533,0.0,0.666667,0.166667,0.166667,servicio,6
241,0.059041,0.310261,0.022248,0.608449,0.0,0.0,0.0,1.0,ambiente,4
242,0.013509,0.070058,0.660491,0.255942,0.111111,0.0,0.666667,0.222222,precio,9
243,0.09142,0.124545,0.470228,0.313807,0.222222,0.111111,0.222222,0.444444,ambiente,9
244,0.474935,0.000195,0.178647,0.346223,0.6,0.0,0.0,0.4,comida,5
245,0.632246,0.191006,0.17561,0.001137,1.0,0.0,0.0,0.0,comida,4
246,0.944783,0.054811,0.000327,7.9e-05,1.0,0.0,0.0,0.0,comida,9
247,0.17951,0.100723,0.553898,0.165869,0.0,0.142857,0.857143,0.0,precio,7
248,0.410721,0.247934,0.028194,0.313151,0.75,0.0,0.0,0.25,comida,4
249,0.278654,0.0,0.719279,0.002066,0.0,0.0,1.0,0.0,precio,5
250,0.480138,0.073361,0.419788,0.026713,0.4,0.0,0.6,0.0,precio,5
251,4.1e-05,0.610056,0.044803,0.3451,0.0,0.75,0.0,0.25,servicio,4
252,0.347707,0.499747,0.110729,0.041817,0.111111,0.888889,0.0,0.0,servicio,9
253,0.098028,0.670459,0.097701,0.133812,0.0,0.5,0.25,0.25,servicio,4
254,0.015199,0.06795,0.765061,0.151791,0.0,0.0,0.75,0.25,precio,4
255,0.000506,0.196301,0.802678,0.000515,0.0,0.333333,0.666667,0.0,precio,6
256,0.027062,0.012339,0.79381,0.166789,0.0,0.0,0.75,0.25,precio,4
257,0.125193,0.747499,0.123996,0.003312,0.0,0.75,0.25,0.0,servicio,4
258,0.017277,0.251257,0.620167,0.111298,0.0,0.333333,0.666667,0.0,precio,3
259,0.003863,0.044893,0.36662,0.584624,0.0,0.0,0.5,0.5,precio,8
260,0.207161,0.181808,0.489158,0.121873,0.4,0.4,0.2,0.0,comida,5
261,0.048,0.103277,0.845349,0.003375,0.0,0.25,0.75,0.0,precio,4
262,0.010455,0.052033,0.837262,0.10025,0.0,0.0,0.777778,0.222222,precio,9
263,0.530161,0.012228,0.37124,0.086371,0.8,0.0,0.2,0.0,comida,5
264,0.061746,0.007648,0.918271,0.012335,0.142857,0.142857,0.714286,0.0,precio,7
265,0.007694,0.040835,0.837272,0.114199,0.0,0.0,0.75,0.25,precio,4
266,4.8e-05,0.000282,0.045616,0.954054,0.0,0.0,0.0,1.0,ambiente,7
267,0.376053,0.530418,0.020747,0.072782,0.6,0.2,0.0,0.2,comida,5
268,0.001358,0.030735,0.846521,0.121386,0.0,0.0,0.666667,0.333333,precio,3
269,0.000176,0.103565,0.347336,0.548923,0.0,0.166667,0.5,0.333333,precio,6
270,0.960451,0.015554,0.009212,0.014783,1.0,0.0,0.0,0.0,comida,5
271,0.183041,0.779787,0.021089,0.016082,0.375,0.625,0.0,0.0,servicio,8
272,0.097071,0.295835,0.607094,0.0,0.0,0.125,0.875,0.0,precio,8
273,0.235044,0.301342,0.011437,0.452177,0.25,0.0,0.0,0.75,ambiente,4
274,0.00099,0.561351,0.016728,0.420932,0.0,0.0,0.2,0.8,ambiente,5
275,0.625854,0.204118,0.007178,0.16285,0.666667,0.333333,0.0,0.0,comida,6
276,0.00189,0.322044,0.005367,0.670699,0.0,0.714286,0.0,0.285714,servicio,7
277,0.048353,0.00508,0.035613,0.910954,0.25,0.0,0.0,0.75,ambiente,4
278,0.44079,0.392579,0.113243,0.053388,0.5,0.5,0.0,0.0,comida,4
279,0.230547,0.310421,0.138186,0.320845,0.0,0.714286,0.142857,0.142857,servicio,7
280,0.001076,0.829424,0.016951,0.152548,0.0,1.0,0.0,0.0,servicio,7
281,0.772663,0.001957,0.19964,0.02574,0.666667,0.0,0.333333,0.0,comida,3
282,0.078471,0.088346,0.381245,0.451938,0.0,0.0,0.4,0.6,ambiente,5
283,0.000786,0.942923,0.031782,0.024509,0.0,1.0,0.0,0.0,servicio,9
284,0.065986,0.162478,0.682137,0.089399,0.142857,0.142857,0.714286,0.0,precio,7
285,0.784591,0.056865,0.097792,0.060752,0.875,0.0,0.125,0.0,comida,8
286,0.249526,0.000316,0.000768,0.74939,0.166667,0.0,0.0,0.833333,ambiente,6
287,0.001603,0.884648,0.096428,0.017321,0.0,0.8,0.2,0.0,servicio,5
288,0.091452,0.049856,0.174828,0.683864,0.0,0.0,0.5,0.5,precio,4
289,0.093541,0.037565,0.280078,0.588817,0.0,0.0,0.333333,0.666667,ambiente,3
290,0.090746,0.230932,0.262652,0.415669,0.25,0.25,0.25,0.25,comida,4
291,0.014628,0.005094,0.75323,0.227048,0.0,0.0,0.857143,0.142857,precio,7
292,0.003011,0.647529,0.260363,0.089097,0.0,0.75,0.25,0.0,servicio,4
293,0.410614,0.18821,0.398331,0.002845,0.2,0.4,0.4,0.0,servicio,5
294,0.001318,0.356336,0.007128,0.635219,0.0,0.285714,0.0,0.714286,ambiente,7
295,0.283927,0.124985,0.354447,0.23664,0.0,0.666667,0.333333,0.0,servicio,3
296,0.004274,0.338011,0.580584,0.077131,0.333333,0.333333,0.333333,0.0,comida,3
297,0.003994,0.990658,0.003884,0.001464,0.0,1.0,0.0,0.0,servicio,5
298,0.012002,0.686751,0.001459,0.299788,0.0,0.25,0.0,0.75,ambiente,4
299,0.257153,0.404263,0.325503,0.01308,0.666667,0.166667,0.166667,0.0,comida,6
300,0.020887,0.276166,0.000479,0.702467,0.0,0.571429,0.0,0.428571,servicio,7
301,0.209544,0.128853,0.649062,0.012541,0.0,0.0,1.0,0.0,precio,4
302,0.246707,0.029034,0.004471,0.719788,0.285714,0.142857,0.0,0.571429,ambiente,7
303,0.564689,0.430161,0.003987,0.001162,0.75,0.25,0.0,0.0,comida,4
304,0.200405,0.798816,3.2e-05,0.000746,0.0,1.0,0.0,0.0,servicio,5
305,8e-06,0.061166,0.50172,0.437106,0.0,0.0,0.555556,0.444444,precio,9
306,0.745747,0.076116,0.068076,0.110061,0.5,0.25,0.0,0.25,comida,4
307,0.005594,0.341547,0.637154,0.015705,0.0,0.25,0.75,0.0,precio,4
308,0.025055,0.001249,0.887302,0.086394,0.0,0.0,0.8,0.2,precio,5
309,0.077014,0.800288,0.003789,0.118909,0.25,0.5,0.0,0.25,servicio,4
310,0.593848,0.285378,0.001552,0.119221,0.875,0.125,0.0,0.0,comida,8
311,0.307076,0.060638,0.51596,0.116326,0.375,0.125,0.25,0.25,comida,8
312,2e-06,0.039553,0.676226,0.284218,0.0,0.0,1.0,0.0,precio,3
313,0.001262,0.520642,0.0,0.478097,0.0,0.666667,0.0,0.333333,servicio,9
314,0.066553,0.91585,0.013247,0.004351,0.125,0.875,0.0,0.0,servicio,8
315,0.008471,0.000533,0.841748,0.149249,0.0,0.0,1.0,0.0,precio,9
316,0.048359,0.038863,0.849135,0.063643,0.0,0.0,1.0,0.0,precio,7
317,0.016863,0.045176,0.000251,0.93771,0.0,0.2,0.0,0.8,ambiente,5
318,0.018832,0.030648,0.110677,0.839842,0.2,0.0,0.0,0.8,ambiente,5
319,0.336058,0.006333,0.18934,0.468269,0.0,0.0,0.0,1.0,ambiente,3
320,0.085913,0.518164,0.098253,0.29767,0.333333,0.222222,0.111111,0.333333,comida,9
321,0.121208,0.039043,0.129907,0.709842,0.0,0.0,0.0,1.0,ambiente,3
322,0.893519,0.031537,0.073443,0.001501,1.0,0.0,0.0,0.0,comida,5
323,0.044093,0.312156,0.13478,0.508971,0.0,0.333333,0.0,0.666667,ambiente,6
324,0.390272,0.005332,0.030653,0.573743,0.4,0.0,0.2,0.4,comida,5
325,0.482634,0.080708,0.433439,0.003219,0.625,0.125,0.25,0.0,comida,8
326,0.168258,0.6722,0.002573,0.156969,0.4,0.2,0.0,0.4,comida,5
327,0.025605,0.642153,0.041585,0.290657,0.0,0.714286,0.0,0.285714,servicio,7
328,0.993888,0.000835,0.00388,0.001398,1.0,0.0,0.0,0.0,comida,9
329,0.066194,0.710475,0.216933,0.006397,0.111111,0.777778,0.111111,0.0,servicio,9
330,0.360461,0.051448,0.23005,0.358041,0.666667,0.0,0.333333,0.0,comida,3
331,0.469731,0.122364,0.232348,0.175557,1.0,0.0,0.0,0.0,comida,3
332,9.9e-05,0.16068,0.001477,0.837744,0.0,0.111111,0.0,0.888889,ambiente,9
333,0.154748,0.158776,0.58621,0.100266,0.0,0.0,0.666667,0.333333,precio,3
334,0.0,0.002401,0.835077,0.162521,0.0,0.0,0.666667,0.333333,precio,6
335,0.016787,0.564751,6e-06,0.418456,0.0,0.571429,0.0,0.428571,servicio,7
336,0.044627,0.492433,0.244665,0.218275,0.0,0.5,0.5,0.0,servicio,4
337,0.60233,0.301925,0.035815,0.05993,0.8,0.0,0.2,0.0,comida,5
338,0.246362,0.278921,0.468602,0.006115,0.285714,0.571429,0.142857,0.0,servicio,7
339,0.681382,0.007519,0.007222,0.303878,0.5,0.0,0.0,0.5,comida,8
340,0.290448,0.158125,0.036702,0.514725,0.25,0.375,0.0,0.375,servicio,8
341,0.930443,0.069538,1.9e-05,0.0,0.666667,0.333333,0.0,0.0,comida,3
342,0.004741,0.567901,0.31084,0.116518,0.0,0.666667,0.333333,0.0,servicio,3
343,0.316429,0.12733,0.00285,0.553391,0.2,0.2,0.0,0.6,ambiente,5
344,0.719108,0.263728,0.016536,0.000627,0.75,0.25,0.0,0.0,comida,4
345,0.228648,0.333373,0.175185,0.262794,0.333333,0.666667,0.0,0.0,servicio,3
346,0.105912,0.123118,0.770968,1e-06,0.166667,0.333333,0.5,0.0,precio,6
347,0.077878,0.211811,0.481581,0.22873,0.0,0.0,0.75,0.25,precio,4
348,0.646093,0.001503,0.159793,0.192611,0.714286,0.0,0.142857,0.142857,comida,7
349,0.310589,0.63222,0.049064,0.008128,0.5,0.5,0.0,0.0,comida,8
350,0.469684,0.03744,0.492614,0.000262,0.4,0.2,0.4,0.0,comida,5
351,0.679688,0.054724,0.226436,0.039153,0.333333,0.166667,0.5,0.0,precio,6
352,0.030824,0.012359,0.551348,0.40547,0.0,0.0,0.333333,0.666667,ambiente,3
353,0.063268,0.707727,0.228941,6.4e-05,0.125,0.75,0.125,0.0,servicio,8
354,0.92068,0.019368,0.037265,0.022687,1.0,0.0,0.0,0.0,comida,8
355,0.005244,0.712469,0.005421,0.276866,0.0,0.75,0.0,0.25,servicio,8
356,0.004761,0.34541,0.001071,0.648757,0.0,0.25,0.0,0.75,ambiente,4
357,0.60837,0.273826,0.109587,0.008218,0.666667,0.333333,0.0,0.0,comida,3
358,0.000337,0.096519,0.003321,0.899823,0.0,0.111111,0.0,0.888889,ambiente,9
359,0.002331,0.000453,0.996042,0.001174,0.0,0.0,1.0,0.0,precio,5
360,0.517796,0.020687,0.458893,0.002625,0.5,0.0,0.5,0.0,comida,4
361,0.04779,0.00033,0.791553,0.160327,0.2,0.0,0.6,0.2,precio,5
362,0.406577,0.00026,0.521149,0.072015,0.6,0.0,0.4,0.0,comida,5
363,0.015676,0.000178,0.800962,0.183184,0.111111,0.0,0.888889,0.0,precio,9
364,0.698497,0.000283,0.136168,0.165052,0.714286,0.0,0.142857,0.142857,comida,7
365,0.789997,0.00216,0.062147,0.145695,0.857143,0.142857,0.0,0.0,comida,7
366,0.076687,0.005754,0.059914,0.857645,0.2,0.0,0.0,0.8,ambiente,5
367,0.387226,0.003691,0.228224,0.380858,0.5,0.0,0.25,0.25,comida,8
368,0.641033,0.044297,0.302369,0.012301,0.625,0.125,0.25,0.0,comida,8
369,0.028752,0.457578,0.102952,0.410718,0.0,0.333333,0.0,0.666667,ambiente,3
370,0.339405,0.560542,0.047457,0.052596,0.333333,0.666667,0.0,0.0,servicio,3
371,0.029419,0.082261,0.835439,0.052881,0.0,0.142857,0.714286,0.142857,precio,7
372,0.698026,0.049864,0.126945,0.125165,0.875,0.0,0.0,0.125,comida,8
373,0.04967,0.621032,0.013384,0.315913,0.111111,0.666667,0.0,0.222222,servicio,9
374,0.08688,0.012968,0.106177,0.793976,0.125,0.0,0.0,0.875,ambiente,8
375,0.593594,0.000922,0.368448,0.037036,0.4,0.0,0.6,0.0,precio,5
376,0.033803,0.004592,0.006605,0.955,0.0,0.0,0.0,1.0,ambiente,6
377,0.001358,0.807827,0.009139,0.181676,0.0,0.428571,0.0,0.571429,ambiente,7
378,0.283302,0.470702,0.084379,0.161618,0.0,0.75,0.0,0.25,servicio,4
379,0.657989,0.010002,0.005377,0.326632,0.5,0.0,0.166667,0.333333,comida,6
380,3e-06,0.064673,0.001617,0.933707,0.0,0.0,0.0,1.0,ambiente,3
381,0.091456,0.209257,0.172168,0.527119,0.0,0.5,0.0,0.5,servicio,4
382,0.793093,0.071764,0.121884,0.013259,1.0,0.0,0.0,0.0,comida,7
383,0.133551,0.19481,0.285538,0.386101,0.25,0.25,0.125,0.375,ambiente,8
384,0.005139,0.641448,0.336195,0.017218,0.0,0.666667,0.333333,0.0,servicio,9
385,0.079211,0.484069,0.402456,0.034264,0.0,0.5,0.5,0.0,servicio,4
386,0.457687,0.053235,0.435527,0.053551,0.428571,0.0,0.428571,0.142857,comida,7
387,0.131194,0.340079,0.128056,0.400672,0.0,0.285714,0.571429,0.142857,precio,7
388,0.1388,0.677899,0.073176,0.110125,0.0,0.666667,0.333333,0.0,servicio,3
389,0.000202,0.016479,0.243606,0.739714,0.0,0.0,0.25,0.75,ambiente,4
390,0.600763,0.024793,0.055967,0.318478,0.6,0.0,0.2,0.2,comida,5
391,0.000985,0.962658,0.036357,0.0,0.0,1.0,0.0,0.0,servicio,5
392,0.006382,0.536104,0.180062,0.277452,0.0,0.5,0.125,0.375,servicio,8
393,0.629686,0.021243,0.340515,0.008556,0.625,0.0,0.375,0.0,comida,8
394,0.610448,0.091697,0.297814,4.1e-05,1.0,0.0,0.0,0.0,comida,5
395,0.054188,0.400857,0.467778,0.077177,0.142857,0.571429,0.285714,0.0,servicio,7
396,0.002558,0.181337,0.327475,0.488631,0.0,0.111111,0.444444,0.444444,precio,9
397,0.015814,0.234771,0.223651,0.525765,0.0,0.0,0.0,1.0,ambiente,3
398,0.242205,0.028075,0.630726,0.098994,0.0,0.0,1.0,0.0,precio,6
399,0.005861,0.818485,0.034331,0.141324,0.0,0.833333,0.166667,0.0,servicio,6
400,0.364819,0.125156,0.384353,0.125672,0.444444,0.0,0.444444,0.111111,comida,9
401,0.043627,0.735985,0.190456,0.029932,0.0,1.0,0.0,0.0,servicio,3
402,0.069201,0.088958,0.483579,0.358261,0.0,0.0,1.0,0.0,precio,3
403,0.545876,0.432357,0.009374,0.012393,1.0,0.0,0.0,0.0,comida,3
404,0.012017,0.097194,0.054081,0.836708,0.0,0.142857,0.0,0.857143,ambiente,7
405,0.000127,0.10509,0.894763,2e-05,0.0,0.0,1.0,0.0,precio,8
406,0.142802,0.289393,0.195679,0.372126,0.333333,0.333333,0.333333,0.0,comida,3
407,0.578473,0.414041,0.00098,0.006506,0.75,0.25,0.0,0.0,comida,8
408,0.247279,0.002001,0.366896,0.383824,0.285714,0.0,0.142857,0.571429,ambiente,7
409,0.002315,0.003392,0.993621,0.000672,0.0,0.0,1.0,0.0,precio,9
410,0.079543,0.919779,0.000237,0.000441,0.0,1.0,0.0,0.0,servicio,9
411,0.706724,0.011828,0.281389,5.9e-05,0.5,0.0,0.5,0.0,comida,4
412,0.248858,0.016214,0.185414,0.549514,0.333333,0.0,0.0,0.666667,ambiente,3
413,0.084091,0.80748,0.011405,0.097024,0.333333,0.666667,0.0,0.0,servicio,3
414,0.112436,0.732878,0.154599,8.7e-05,0.0,0.75,0.25,0.0,servicio,8
415,0.771366,1e-06,0.000123,0.22851,1.0,0.0,0.0,0.0,comida,3
416,0.000229,0.050143,0.58488,0.364748,0.0,0.142857,0.142857,0.714286,ambiente,7
417,0.639167,0.000132,0.000423,0.360278,1.0,0.0,0.0,0.0,comida,6
418,0.100671,0.078369,0.794237,0.026724,0.142857,0.142857,0.714286,0.0,precio,7
419,0.701316,0.009754,0.001219,0.28771,0.571429,0.0,0.0,0.428571,comida,7
420,0.427072,0.065934,0.389166,0.117828,0.375,0.25,0.125,0.25,comida,8
421,0.010729,0.660348,0.000559,0.328363,0.0,0.75,0.0,0.25,servicio,8
422,0.158649,0.117258,0.607548,0.116545,0.2,0.0,0.2,0.6,ambiente,5
423,0.302168,0.527931,0.091101,0.0788,0.333333,0.666667,0.0,0.0,servicio,3
424,0.11285,0.049608,0.837534,9e-06,0.285714,0.0,0.714286,0.0,precio,7
425,0.003787,0.734889,3e-06,0.261322,0.0,0.777778,0.0,0.222222,servicio,9
426,0.045449,0.707722,0.160424,0.086406,0.0,0.625,0.25,0.125,servicio,8
427,0.208692,0.089696,0.626521,0.075091,0.0,0.0,1.0,0.0,precio,3
428,0.083115,0.075183,0.559559,0.282143,0.125,0.25,0.625,0.0,precio,8
429,0.259385,0.193813,0.113132,0.43367,0.0,0.166667,0.166667,0.666667,ambiente,6
430,0.129192,0.360914,0.44044,0.069454,0.428571,0.428571,0.142857,0.0,comida,7
431,0.620152,0.0,0.038376,0.341472,0.777778,0.0,0.0,0.222222,comida,9
432,0.001115,0.378648,0.446867,0.17337,0.0,0.8,0.0,0.2,servicio,5
433,0.359598,0.009278,0.338908,0.292216,0.333333,0.111111,0.444444,0.111111,precio,9
434,0.974123,0.022535,0.001262,0.00208,1.0,0.0,0.0,0.0,comida,8
435,0.11696,0.437838,0.416632,0.02857,0.285714,0.571429,0.142857,0.0,servicio,7
436,0.47767,0.337618,0.073559,0.111153,0.2,0.6,0.0,0.2,servicio,5
437,0.014812,0.957251,0.01511,0.012826,0.0,0.777778,0.111111,0.111111,servicio,9
438,0.337085,0.169985,0.000193,0.492737,0.2,0.2,0.0,0.6,ambiente,5
439,0.002842,0.348455,0.616383,0.032321,0.0,0.142857,0.857143,0.0,precio,7
440,0.200834,0.028873,0.000201,0.770092,0.333333,0.0,0.0,0.666667,ambiente,6
441,0.157371,0.024169,0.403917,0.414543,0.125,0.0,0.625,0.25,precio,8
442,0.468579,0.464914,0.066255,0.000252,0.2,0.8,0.0,0.0,servicio,5
443,0.032278,0.423237,0.124931,0.419554,0.0,0.333333,0.333333,0.333333,servicio,3
444,0.045842,0.483377,0.099908,0.370873,0.0,0.555556,0.111111,0.333333,servicio,9
445,0.353639,0.16706,0.000629,0.478672,0.333333,0.0,0.0,0.666667,ambiente,3
446,0.292629,0.234237,0.425703,0.047431,0.25,0.375,0.375,0.0,servicio,8
447,0.249681,0.371882,0.05785,0.320587,0.25,0.125,0.125,0.5,ambiente,8
448,0.027333,0.66263,0.04504,0.264997,0.0,0.25,0.25,0.5,ambiente,4
449,0.114981,0.5302,0.342291,0.012527,0.142857,0.428571,0.428571,0.0,servicio,7
450,0.416623,0.550518,0.001906,0.030953,0.625,0.375,0.0,0.0,comida,8
451,0.130841,0.0,0.202754,0.666405,0.6,0.0,0.0,0.4,comida,5
452,0.431458,0.001885,0.175587,0.39107,0.166667,0.0,0.666667,0.166667,precio,6
453,0.090425,0.696804,0.144392,0.068379,0.166667,0.5,0.166667,0.166667,servicio,6
454,0.003591,0.696536,0.096036,0.203838,0.0,0.777778,0.0,0.222222,servicio,9
455,0.003224,0.166377,0.000122,0.830277,0.333333,0.0,0.0,0.666667,ambiente,3
456,0.667585,0.060554,0.099464,0.172397,1.0,0.0,0.0,0.0,comida,4
457,0.945592,0.022805,0.0,0.031603,1.0,0.0,0.0,0.0,comida,4
458,0.201542,0.024624,2.1e-05,0.773813,0.25,0.125,0.0,0.625,ambiente,8
459,5.9e-05,0.629684,0.368008,0.002249,0.0,0.75,0.25,0.0,servicio,8
460,0.428487,0.199661,0.200821,0.171031,0.625,0.125,0.125,0.125,comida,8
461,0.011292,0.060525,0.189725,0.738458,0.0,0.0,0.428571,0.571429,ambiente,7
462,0.003234,0.990775,0.000242,0.005749,0.0,1.0,0.0,0.0,servicio,8
463,0.023249,0.001624,0.975127,0.0,0.0,0.0,1.0,0.0,precio,6
464,0.391929,0.153501,0.242659,0.211911,0.0,0.333333,0.333333,0.333333,servicio,3
465,1e-06,0.772417,0.043598,0.183984,0.0,0.666667,0.0,0.333333,servicio,6
466,0.247116,0.011737,0.163369,0.577778,0.222222,0.0,0.111111,0.666667,ambiente,9
467,0.375069,0.004082,0.506717,0.114131,0.0,0.0,0.8,0.2,precio,5
468,0.001026,0.739681,0.257444,0.001848,0.0,0.428571,0.571429,0.0,precio,7
469,0.051773,0.019991,0.019004,0.909232,0.0,0.0,0.0,1.0,ambiente,9
470,0.282703,0.099001,0.001524,0.616772,0.111111,0.111111,0.0,0.777778,ambiente,9
471,1e-06,0.058698,0.940626,0.000675,0.0,0.0,1.0,0.0,precio,6
472,0.77888,0.01375,0.203474,0.003896,0.875,0.0,0.125,0.0,comida,8
473,0.346788,0.000539,0.536958,0.115715,0.333333,0.0,0.555556,0.111111,precio,9
474,0.694882,0.006979,0.071151,0.226988,0.75,0.0,0.0,0.25,comida,8
475,0.922203,0.010649,0.053024,0.014124,0.833333,0.166667,0.0,0.0,comida,6
476,0.788836,0.065747,0.122504,0.022912,1.0,0.0,0.0,0.0,comida,6
477,0.036358,0.683993,0.220164,0.059486,0.0,0.666667,0.0,0.333333,servicio,3
478,0.017078,0.343011,1.5e-05,0.639896,0.0,0.5,0.0,0.5,servicio,6
479,0.799216,0.018542,0.182132,0.000111,0.875,0.0,0.125,0.0,comida,8
480,0.067193,0.02234,0.267026,0.643441,0.0,0.0,0.5,0.5,precio,4
481,0.110524,0.810071,0.021712,0.057692,0.0,0.857143,0.0,0.142857,servicio,7
482,0.536069,0.254788,0.000824,0.208319,0.166667,0.333333,0.0,0.5,ambiente,6
483,0.246813,0.595094,0.000126,0.157966,0.2,0.6,0.0,0.2,servicio,5
484,0.006427,0.049151,0.742682,0.20174,0.0,0.0,0.75,0.25,precio,4
485,0.102305,0.101944,0.538078,0.257673,0.0,0.0,1.0,0.0,precio,3
486,0.003969,0.709962,0.259934,0.026135,0.0,0.8,0.2,0.0,servicio,5
487,0.620565,0.059777,0.010453,0.309205,0.777778,0.0,0.0,0.222222,comida,9
488,0.151972,0.012689,0.83459,0.000748,0.428571,0.0,0.571429,0.0,precio,7
489,0.001069,0.075187,0.037988,0.885756,0.0,0.166667,0.0,0.833333,ambiente,6
490,0.002517,0.624912,0.162688,0.209883,0.0,0.888889,0.111111,0.0,servicio,9
491,0.149644,0.006983,0.222988,0.620385,0.0,0.0,0.285714,0.714286,ambiente,7
492,0.081452,0.354993,0.333194,0.230361,0.0,0.666667,0.333333,0.0,servicio,3
493,0.282518,0.452071,0.257858,0.007552,0.428571,0.285714,0.285714,0.0,comida,7
494,0.235672,0.043191,0.696016,0.025121,0.125,0.0,0.875,0.0,precio,8
495,0.587284,0.115455,0.217283,0.079978,0.428571,0.285714,0.285714,0.0,comida,7
496,0.083777,0.503869,0.132709,0.279645,0.0,0.714286,0.0,0.285714,servicio,7
497,0.127943,0.000654,0.800047,0.071357,0.0,0.0,0.666667,0.333333,precio,3
498,0.084739,0.554693,4.4e-05,0.360524,0.0,0.5,0.0,0.5,servicio,4
499,0.065085,0.856691,0.077792,0.000433,0.0,1.0,0.0,0.0,servicio,3
500,0.007491,0.832533,0.0,0.159976,0.0,0.714286,0.0,0.285714,servicio,7
501,0.565952,0.00022,0.321596,0.112232,0.5,0.0,0.5,0.0,comida,4
502,0.010108,0.326427,0.134471,0.528993,0.0,0.285714,0.0,0.714286,ambiente,7
503,0.242792,0.61829,0.122623,0.016295,0.0,0.714286,0.285714,0.0,servicio,7
504,3.4e-05,0.212291,0.779666,0.00801,0.0,0.111111,0.888889,0.0,precio,9
505,0.709954,0.190423,0.087165,0.012458,0.5,0.5,0.0,0.0,comida,4
506,0.001334,0.767034,0.227402,0.00423,0.0,0.625,0.375,0.0,servicio,8
507,0.940625,0.042412,0.005767,0.011195,1.0,0.0,0.0,0.0,comida,5
508,0.52593,0.022451,0.286245,0.165374,0.8,0.0,0.2,0.0,comida,5
509,0.761223,0.201673,0.036895,0.000209,1.0,0.0,0.0,0.0,comida,3
510,0.756137,0.086399,0.007218,0.150247,0.714286,0.142857,0.0,0.142857,comida,7
511,0.30333,0.643597,0.022985,0.030088,0.333333,0.666667,0.0,0.0,servicio,9
512,0.046875,0.050255,0.002442,0.900429,0.0,0.0,0.0,1.0,ambiente,3
513,0.228837,0.253059,0.335441,0.182663,0.5,0.25,0.25,0.0,comida,4
514,0.085622,0.591542,0.26299,0.059846,0.0,0.571429,0.285714,0.142857,servicio,7
515,0.023582,0.97172,0.001394,0.003304,0.0,1.0,0.0,0.0,servicio,5
516,0.400096,0.361229,2e-05,0.238655,0.5,0.25,0.0,0.25,comida,8
517,4e-06,0.338993,0.38329,0.277713,0.0,0.75,0.25,0.0,servicio,4
518,0.298237,0.630613,0.001376,0.069774,0.0,1.0,0.0,0.0,servicio,8
519,0.162699,0.08702,0.749834,0.000446,0.222222,0.111111,0.666667,0.0,precio,9
520,0.791387,0.17352,0.034332,0.000762,0.888889,0.111111,0.0,0.0,comida,9
521,0.176181,0.564652,0.077488,0.181679,0.0,1.0,0.0,0.0,servicio,5
522,0.036292,0.685682,0.236292,0.041733,0.0,0.666667,0.333333,0.0,servicio,3
523,0.499683,0.259563,0.097522,0.143232,0.75,0.0,0.0,0.25,comida,4
524,0.198793,0.055932,0.556211,0.189064,0.375,0.0,0.5,0.125,precio,8
525,0.298248,0.316411,0.362543,0.022798,0.5,0.25,0.0,0.25,comida,4
526,0.044463,0.035337,0.909641,0.01056,0.0,0.0,1.0,0.0,precio,7
527,0.453526,0.456884,0.054226,0.035365,0.666667,0.166667,0.166667,0.0,comida,6
528,0.011667,0.000106,0.002887,0.985341,0.0,0.0,0.0,1.0,ambiente,6
529,0.138719,3e-05,0.468184,0.393067,0.285714,0.0,0.285714,0.428571,ambiente,7
530,0.050638,0.004434,0.916463,0.028465,0.0,0.0,1.0,0.0,precio,3
531,0.069921,0.185668,0.376662,0.367748,0.0,0.5,0.25,0.25,servicio,4
532,0.051529,0.028029,0.435458,0.484984,0.0,0.125,0.375,0.5,ambiente,8
533,0.049045,0.65322,0.112255,0.18548,0.0,0.625,0.125,0.25,servicio,8
534,0.140345,0.859278,0.0,0.000376,0.0,1.0,0.0,0.0,servicio,3
535,0.12835,0.832107,0.021764,0.017778,0.0,1.0,0.0,0.0,servicio,5
536,0.088084,0.248174,0.000136,0.663606,0.142857,0.0,0.0,0.857143,ambiente,7
537,6e-06,0.935515,0.045618,0.018861,0.0,1.0,0.0,0.0,servicio,5
538,0.521131,0.379323,0.099067,0.000479,0.5,0.5,0.0,0.0,comida,4
539,0.018298,0.000204,0.004959,0.976539,0.0,0.0,0.0,1.0,ambiente,7
540,0.000637,0.134912,0.528864,0.335587,0.0,0.222222,0.333333,0.444444,ambiente,9
541,0.537415,0.002226,0.029794,0.430565,0.375,0.0,0.0,0.625,ambiente,8
542,0.150324,0.199474,0.322565,0.327637,0.111111,0.111111,0.111111,0.666667,ambiente,9
543,0.82396,0.012713,0.000141,0.163186,1.0,0.0,0.0,0.0,comida,7
544,0.045969,0.005372,0.335555,0.613104,0.0,0.0,0.0,1.0,ambiente,5
545,0.002012,0.328638,0.412681,0.256668,0.0,0.4,0.2,0.4,servicio,5
546,0.447505,0.352159,0.128674,0.071661,0.2,0.6,0.2,0.0,servicio,5
547,0.000133,0.637012,0.04684,0.316015,0.0,0.833333,0.0,0.166667,servicio,6
548,0.35505,0.500843,0.144097,1e-05,0.0,1.0,0.0,0.0,servicio,9
549,0.50854,0.091297,0.0,0.400163,0.125,0.25,0.0,0.625,ambiente,8
550,0.199457,0.001429,0.149075,0.650039,0.111111,0.0,0.222222,0.666667,ambiente,9
551,0.043807,0.871238,0.048611,0.036344,0.0,0.5,0.25,0.25,servicio,4
552,0.302032,0.630995,0.066777,0.000197,0.333333,0.666667,0.0,0.0,servicio,3
553,0.019953,0.028355,0.276644,0.675047,0.0,0.0,0.222222,0.777778,ambiente,9
554,0.76617,0.225154,0.005873,0.002803,0.833333,0.166667,0.0,0.0,comida,6
555,0.412496,0.539669,0.02857,0.019265,0.333333,0.666667,0.0,0.0,servicio,3
556,0.001037,0.19656,0.005054,0.797349,0.0,0.25,0.0,0.75,ambiente,4
557,0.15405,0.053646,0.398277,0.394028,0.0,0.0,0.333333,0.666667,ambiente,3
558,0.455997,0.001302,0.542636,6.5e-05,0.166667,0.0,0.833333,0.0,precio,6
559,0.003817,0.40812,0.336173,0.251889,0.0,0.25,0.75,0.0,precio,4
560,0.154468,0.063512,0.041006,0.741014,0.0,0.0,0.0,1.0,ambiente,5
561,0.345226,0.33663,0.005058,0.313086,0.125,0.375,0.0,0.5,ambiente,8
562,0.569238,0.360928,0.007261,0.062572,0.555556,0.444444,0.0,0.0,comida,9
563,0.007213,0.5922,0.070962,0.329625,0.0,0.5,0.125,0.375,servicio,8
564,0.116529,0.56376,0.128901,0.190811,0.333333,0.666667,0.0,0.0,servicio,3
565,0.236502,0.624434,0.016001,0.123063,0.6,0.4,0.0,0.0,comida,5
566,0.006139,0.215751,0.778103,7e-06,0.0,0.666667,0.333333,0.0,servicio,3
567,0.001961,0.109367,0.350699,0.537972,0.0,0.0,0.25,0.75,ambiente,4
568,0.29077,0.392313,0.141719,0.175197,0.25,0.375,0.125,0.25,servicio,8
569,0.87052,0.000759,0.06117,0.067551,0.714286,0.0,0.142857,0.142857,comida,7
570,0.992488,0.004347,5e-06,0.00316,1.0,0.0,0.0,0.0,comida,8
571,0.039828,0.107577,0.851978,0.000617,0.0,0.333333,0.666667,0.0,precio,3
572,0.073428,4.7e-05,0.923481,0.003044,0.0,0.0,1.0,0.0,precio,8
573,0.100618,0.898786,2e-06,0.000594,0.0,1.0,0.0,0.0,servicio,3
574,0.448568,0.234608,0.150072,0.166752,0.8,0.0,0.0,0.2,comida,5
575,0.407785,0.52233,0.001205,0.068679,0.166667,0.666667,0.0,0.166667,servicio,6
576,0.801391,0.014163,0.183976,0.000469,0.625,0.0,0.375,0.0,comida,8
577,0.293822,0.34796,0.086219,0.271999,0.0,0.0,0.666667,0.333333,precio,3
578,0.781865,0.079475,0.138557,0.000103,0.777778,0.0,0.222222,0.0,comida,9
579,0.2814,0.669603,0.048968,2.9e-05,0.25,0.75,0.0,0.0,servicio,4
580,0.00907,0.011954,0.024157,0.954819,0.0,0.0,0.0,1.0,ambiente,7
581,0.251098,0.402878,0.34406,0.001965,0.666667,0.0,0.333333,0.0,comida,3
582,0.062534,0.913259,0.000804,0.023402,0.0,1.0,0.0,0.0,servicio,3
583,0.703265,0.14404,0.035108,0.117587,0.875,0.125,0.0,0.0,comida,8
584,0.001307,0.379947,0.04444,0.574306,0.0,0.6,0.2,0.2,servicio,5
585,0.152504,0.017957,0.817317,0.012222,0.5,0.0,0.5,0.0,comida,4
586,0.000479,0.001088,0.660865,0.337569,0.0,0.0,0.666667,0.333333,precio,3
587,1.6e-05,0.086058,0.812139,0.101786,0.0,0.125,0.5,0.375,precio,8
588,0.401573,0.314751,0.006055,0.277621,0.25,0.5,0.0,0.25,servicio,4
589,0.225646,0.00463,0.185,0.584724,0.5,0.0,0.125,0.375,comida,8
590,0.26266,0.000512,0.603912,0.132916,0.4,0.0,0.6,0.0,precio,5
591,0.075827,8.8e-05,0.3209,0.603184,0.142857,0.0,0.0,0.857143,ambiente,7
592,0.17292,0.015148,0.165331,0.646601,0.5,0.0,0.0,0.5,comida,4
593,0.095167,0.483837,0.187784,0.233212,0.222222,0.444444,0.222222,0.111111,servicio,9
594,0.435864,0.000586,0.553106,0.010444,0.571429,0.0,0.428571,0.0,comida,7
595,0.000412,0.980281,0.001013,0.018295,0.0,1.0,0.0,0.0,servicio,4
596,0.000808,0.045323,1.9e-05,0.95385,0.0,0.142857,0.0,0.857143,ambiente,7
597,0.510075,0.247632,9.3e-05,0.242201,0.75,0.25,0.0,0.0,comida,4
598,0.080932,0.822138,0.002382,0.094549,0.0,0.8,0.0,0.2,servicio,5
599,0.537737,0.384542,0.076412,0.001308,0.625,0.375,0.0,0.0,comida,8
600,0.377297,0.107159,0.512583,0.002961,0.375,0.25,0.375,0.0,comida,8
601,1e-05,0.502486,0.483651,0.013853,0.0,0.333333,0.666667,0.0,precio,9
602,0.019738,0.498814,0.414279,0.067169,0.0,0.666667,0.333333,0.0,servicio,6
603,2.8e-05,0.421791,0.361148,0.217033,0.0,0.285714,0.428571,0.285714,precio,7
604,0.067001,0.495854,0.000336,0.43681,0.0,0.5,0.0,0.5,servicio,8
605,0.034366,0.043996,0.909467,0.012171,0.0,0.2,0.8,0.0,precio,5
606,0.081818,0.718164,0.031468,0.16855,0.0,0.666667,0.0,0.333333,servicio,3
607,0.000465,0.410626,0.50103,0.08788,0.0,0.428571,0.571429,0.0,precio,7
608,7.8e-05,0.270661,0.685079,0.044182,0.0,0.2,0.8,0.0,precio,5
609,0.556687,0.261096,0.027368,0.15485,0.75,0.0,0.0,0.25,comida,4
610,0.0,0.187962,0.382546,0.429492,0.0,0.4,0.0,0.6,ambiente,5
611,0.069038,0.001369,0.379677,0.549916,0.4,0.0,0.2,0.4,comida,5
612,0.651152,0.030475,5e-06,0.318369,0.777778,0.111111,0.0,0.111111,comida,9
613,0.231769,0.33929,0.016071,0.412869,0.333333,0.333333,0.0,0.333333,comida,9
614,0.001196,0.010418,0.02371,0.964676,0.0,0.0,0.0,1.0,ambiente,3
615,0.328957,0.176379,0.000236,0.494427,0.4,0.0,0.0,0.6,ambiente,5
616,0.006731,0.010487,0.073823,0.90896,0.0,0.0,0.0,1.0,ambiente,8
617,0.008781,0.002961,0.179169,0.80909,0.333333,0.0,0.333333,0.333333,comida,3
618,0.020689,0.390369,0.027388,0.561554,0.0,0.333333,0.0,0.666667,ambiente,6
619,0.645046,0.093195,0.241142,0.020617,1.0,0.0,0.0,0.0,comida,3
620,0.238476,0.009135,0.04719,0.705199,0.2,0.0,0.0,0.8,ambiente,5
621,0.635937,0.353065,0.010993,5e-06,0.5,0.5,0.0,0.0,comida,4
622,0.543077,0.167085,0.076755,0.213082,0.571429,0.285714,0.0,0.142857,comida,7
623,0.117244,0.005011,0.344624,0.53312,0.125,0.0,0.375,0.5,ambiente,8
624,0.154351,0.001832,0.000131,0.843687,0.111111,0.0,0.0,0.888889,ambiente,9
625,0.912221,0.000699,0.015876,0.071204,1.0,0.0,0.0,0.0,comida,8
626,0.00049,0.059013,0.200311,0.740186,0.0,0.0,0.2,0.8,ambiente,5
627,0.273144,0.026433,0.085748,0.614674,0.0,0.0,0.333333,0.666667,ambiente,3
628,0.652802,0.015103,6e-05,0.332035,0.75,0.0,0.0,0.25,comida,8
629,0.002934,0.38934,0.496219,0.111508,0.0,0.428571,0.428571,0.142857,servicio,7
630,3.6e-05,0.007838,0.05873,0.933395,0.0,0.0,0.0,1.0,ambiente,8
631,0.035779,0.496728,0.000401,0.467092,0.0,0.75,0.0,0.25,servicio,4
632,0.000477,0.99873,0.00069,0.000103,0.0,1.0,0.0,0.0,servicio,9
633,0.005544,0.661829,0.204586,0.128041,0.0,0.666667,0.333333,0.0,servicio,9
634,0.052388,0.000364,5e-06,0.947242,0.125,0.0,0.0,0.875,ambiente,8
635,0.043098,0.931156,0.012201,0.013545,0.0,1.0,0.0,0.0,servicio,3
636,0.882128,5.7e-05,0.117799,1.6e-05,1.0,0.0,0.0,0.0,comida,5
637,0.142429,0.236597,0.068952,0.552022,0.333333,0.166667,0.0,0.5,ambiente,6
638,0.577224,0.246735,0.17284,0.0032,1.0,0.0,0.0,0.0,comida,3
639,0.110203,0.454996,0.00013,0.434671,0.333333,0.333333,0.0,0.333333,comida,3
640,0.390565,0.350832,0.244184,0.014419,0.666667,0.333333,0.0,0.0,comida,6
641,0.998683,0.000963,0.000334,1.9e-05,1.0,0.0,0.0,0.0,comida,6
642,0.309814,0.090712,0.028148,0.571326,0.6,0.2,0.0,0.2,comida,5
643,0.331722,0.478552,0.129468,0.060258,0.333333,0.666667,0.0,0.0,servicio,6
644,0.603853,0.024249,0.00033,0.371568,0.4,0.0,0.0,0.6,ambiente,5
645,0.081009,0.88295,0.03604,1e-06,0.125,0.875,0.0,0.0,servicio,8
646,0.872895,0.048093,0.018049,0.060962,0.666667,0.0,0.0,0.333333,comida,3
647,0.012426,0.000105,0.695251,0.292218,0.0,0.0,0.75,0.25,precio,8
648,0.057608,0.017025,0.137112,0.788255,0.25,0.0,0.0,0.75,ambiente,4
649,0.798396,0.131092,0.000472,0.07004,0.75,0.25,0.0,0.0,comida,8
650,0.688792,0.308932,1e-06,0.002275,0.8,0.2,0.0,0.0,comida,5
651,0.136664,0.001656,0.071139,0.790541,0.142857,0.0,0.142857,0.714286,ambiente,7
652,0.026952,0.604869,0.20176,0.16642,0.0,0.714286,0.285714,0.0,servicio,7
653,0.005016,0.257304,0.73767,1e-05,0.0,0.0,1.0,0.0,precio,8
654,7.5e-05,0.019068,0.098399,0.882458,0.0,0.0,0.125,0.875,ambiente,8
655,0.06076,0.014232,3.6e-05,0.924972,0.0,0.0,0.0,1.0,ambiente,4
656,0.004269,0.235601,0.760095,3.5e-05,0.0,0.25,0.75,0.0,precio,8
657,0.390173,0.051944,0.520225,0.037658,0.555556,0.0,0.444444,0.0,comida,9
658,0.537154,0.002768,0.065987,0.394091,0.0,0.0,0.0,1.0,ambiente,3
659,0.01797,0.649427,0.231193,0.10141,0.0,0.8,0.2,0.0,servicio,5
660,0.008695,0.010911,0.000606,0.979787,0.0,0.0,0.0,1.0,ambiente,9
661,0.244533,0.556872,0.104899,0.093695,0.222222,0.555556,0.111111,0.111111,servicio,9
662,0.102399,0.007292,0.02389,0.866419,0.25,0.0,0.0,0.75,ambiente,4
663,0.010949,9.8e-05,0.983184,0.005769,0.0,0.0,1.0,0.0,precio,9
664,0.424808,0.364223,0.210523,0.000446,0.25,0.0,0.75,0.0,precio,4
665,0.064979,0.234339,0.475298,0.225384,0.0,0.166667,0.833333,0.0,precio,6
666,0.098403,0.391347,0.310764,0.199486,0.222222,0.555556,0.111111,0.111111,servicio,9
667,0.876628,4e-06,0.028818,0.094549,0.6,0.0,0.0,0.4,comida,5
668,6e-06,0.82424,0.024439,0.151315,0.0,0.857143,0.0,0.142857,servicio,7
669,0.558792,0.041596,0.203992,0.19562,0.571429,0.0,0.142857,0.285714,comida,7
670,0.012943,0.093008,0.892003,0.002046,0.0,0.142857,0.857143,0.0,precio,7
671,0.981826,0.000282,0.017565,0.000328,1.0,0.0,0.0,0.0,comida,3
672,0.191401,0.00799,0.62923,0.171379,0.2,0.0,0.6,0.2,precio,5
673,0.388411,0.017726,0.504236,0.089627,0.25,0.0,0.75,0.0,precio,4
674,0.059461,0.444315,0.001469,0.494755,0.0,0.375,0.0,0.625,ambiente,8
675,0.004316,0.061805,0.000222,0.933657,0.0,0.0,0.0,1.0,ambiente,8
676,0.009041,0.018886,0.029281,0.942792,0.0,0.0,0.0,1.0,ambiente,8
677,0.000104,0.322691,0.046652,0.630554,0.0,0.25,0.125,0.625,ambiente,8
678,0.895052,0.009127,0.060483,0.035338,1.0,0.0,0.0,0.0,comida,8
679,0.00434,0.981317,0.001979,0.012364,0.0,1.0,0.0,0.0,servicio,6
680,0.915318,6e-06,0.075959,0.008717,1.0,0.0,0.0,0.0,comida,5
681,0.033015,0.858576,0.104918,0.003491,0.0,1.0,0.0,0.0,servicio,9
682,0.026777,0.915725,0.004823,0.052675,0.0,1.0,0.0,0.0,servicio,7
683,0.011203,0.001729,0.349407,0.637661,0.0,0.0,0.333333,0.666667,ambiente,9
684,0.507806,0.155825,0.006097,0.330273,0.555556,0.222222,0.0,0.222222,comida,9
685,0.033464,0.47356,0.14199,0.350986,0.0,0.6,0.2,0.2,servicio,5
686,0.04005,0.459101,0.206005,0.294844,0.111111,0.555556,0.222222,0.111111,servicio,9
687,0.05245,0.854408,0.093136,6e-06,0.0,0.714286,0.285714,0.0,servicio,7
688,0.005056,0.008821,0.803167,0.182956,0.0,0.0,0.75,0.25,precio,4
689,0.25757,0.005291,0.639239,0.0979,0.75,0.0,0.25,0.0,comida,4
690,0.007706,0.012781,0.979446,6.7e-05,0.0,0.0,1.0,0.0,precio,5
691,0.000319,0.966747,0.009681,0.023254,0.0,0.8,0.0,0.2,servicio,5
692,0.059152,0.458208,0.001488,0.481152,0.333333,0.333333,0.0,0.333333,comida,3
693,0.10947,0.162137,0.716319,0.012073,0.0,0.0,1.0,0.0,precio,8
694,0.283215,0.17789,0.159348,0.379546,0.666667,0.0,0.0,0.333333,comida,3
695,0.076976,0.178511,0.572359,0.172154,0.0,0.125,0.625,0.25,precio,8
696,0.020686,0.93793,0.035361,0.006022,0.0,1.0,0.0,0.0,servicio,3
697,0.097621,0.029628,0.106539,0.766213,0.0,0.0,0.142857,0.857143,ambiente,7
698,0.030789,0.467806,0.4612,0.040205,0.0,0.25,0.75,0.0,precio,8
699,0.045443,0.228845,0.050213,0.675499,0.0,0.333333,0.0,0.666667,ambiente,3
700,0.0675,0.709811,0.003526,0.219163,0.0,1.0,0.0,0.0,servicio,7
701,0.372911,0.127634,0.054791,0.444664,0.4,0.0,0.0,0.6,ambiente,5
702,0.001416,0.726024,0.157659,0.114901,0.0,0.666667,0.333333,0.0,servicio,3
703,0.552922,0.363105,0.078667,0.005306,1.0,0.0,0.0,0.0,comida,3
704,0.0,0.653569,0.343401,0.003029,0.0,0.571429,0.428571,0.0,servicio,7
705,0.437196,0.02735,0.198058,0.337397,0.666667,0.0,0.166667,0.166667,comida,6
706,0.001077,0.866083,0.000508,0.132332,0.0,0.666667,0.0,0.333333,servicio,3
707,0.000238,0.885085,0.004086,0.110592,0.0,0.833333,0.0,0.166667,servicio,6
708,0.192048,0.000507,0.807334,0.00011,0.2,0.0,0.8,0.0,precio,5
709,1e-06,0.001908,0.937764,0.060327,0.0,0.0,1.0,0.0,precio,7
710,0.107758,0.630556,0.041546,0.22014,0.222222,0.444444,0.111111,0.222222,servicio,9
711,7.6e-05,0.793635,0.000798,0.205491,0.0,0.75,0.0,0.25,servicio,4
712,0.80614,0.119731,0.063541,0.010588,0.428571,0.285714,0.142857,0.142857,comida,7
713,0.00019,0.119584,0.020578,0.859649,0.0,0.222222,0.0,0.777778,ambiente,9
714,0.181253,0.089507,0.041042,0.688198,0.142857,0.142857,0.142857,0.571429,ambiente,7
715,0.015982,0.031575,0.058015,0.894428,0.0,0.166667,0.0,0.833333,ambiente,6
716,0.06302,0.002446,0.856221,0.078312,0.0,0.0,1.0,0.0,precio,3
717,0.115927,0.666813,0.119212,0.098047,0.333333,0.666667,0.0,0.0,servicio,3
718,0.014701,0.183452,0.800298,0.00155,0.0,0.333333,0.666667,0.0,precio,3
719,0.523697,0.000764,0.457141,0.018398,0.555556,0.0,0.444444,0.0,comida,9
720,0.177258,0.421401,0.014634,0.386707,0.0,0.5,0.0,0.5,servicio,8
721,0.168205,0.279101,0.046623,0.506071,0.4,0.4,0.2,0.0,comida,5
722,0.126395,0.505782,0.108582,0.259241,0.25,0.5,0.25,0.0,servicio,4
723,0.248566,0.211098,0.522621,0.017715,0.222222,0.111111,0.666667,0.0,precio,9
724,0.00014,0.27935,0.143901,0.57661,0.0,0.333333,0.333333,0.333333,servicio,6
725,0.891874,0.000154,0.037198,0.070773,1.0,0.0,0.0,0.0,comida,6
726,0.0,0.272237,0.64509,0.082673,0.0,0.285714,0.714286,0.0,precio,7
727,0.000234,0.445812,0.509727,0.044226,0.0,1.0,0.0,0.0,servicio,4
728,0.031207,0.387734,0.579188,0.001871,0.0,0.714286,0.285714,0.0,servicio,7
729,0.790804,0.042833,0.10923,0.057134,0.6,0.2,0.0,0.2,comida,5
730,0.002835,0.974745,0.01106,0.01136,0.0,1.0,0.0,0.0,servicio,6
731,0.000806,0.617784,0.377053,0.004357,0.0,0.428571,0.571429,0.0,precio,7
732,0.33101,0.484709,0.119785,0.064497,0.333333,0.666667,0.0,0.0,servicio,3
733,0.120137,0.001578,0.878255,3e-05,0.25,0.0,0.75,0.0,precio,8
734,0.100847,0.525823,0.131019,0.24231,0.166667,0.5,0.166667,0.166667,servicio,6
735,0.093149,0.057332,0.024277,0.825242,0.0,0.0,0.0,1.0,ambiente,9
736,0.000553,0.100742,0.897411,0.001295,0.0,0.0,1.0,0.0,precio,6
737,0.501782,0.043235,0.051111,0.403872,0.6,0.0,0.0,0.4,comida,5
738,0.426397,0.107062,0.006093,0.460448,0.222222,0.222222,0.0,0.555556,ambiente,9
739,0.104272,0.031439,0.849834,0.014456,0.0,0.0,1.0,0.0,precio,7
740,0.80412,0.017488,0.172137,0.006255,0.8,0.0,0.2,0.0,comida,5
741,0.002878,0.990956,0.006157,1e-05,0.0,1.0,0.0,0.0,servicio,3
742,0.15517,0.209158,0.625822,0.009851,0.333333,0.0,0.666667,0.0,precio,3
743,0.163825,0.007933,0.389146,0.439096,0.0,0.0,0.333333,0.666667,ambiente,6
744,0.00547,0.442632,0.46246,0.089438,0.0,0.166667,0.666667,0.166667,precio,6
745,0.694445,0.1422,0.005138,0.158217,1.0,0.0,0.0,0.0,comida,3
746,0.00378,0.092444,0.33714,0.566636,0.0,0.333333,0.333333,0.333333,servicio,3
747,0.729195,0.014389,0.015232,0.241184,0.555556,0.0,0.111111,0.333333,comida,9
748,0.073959,0.029568,0.837189,0.059284,0.0,0.111111,0.888889,0.0,precio,9
749,0.710842,0.001701,0.286811,0.000646,0.666667,0.0,0.333333,0.0,comida,6
750,0.063665,0.923165,0.008603,0.004567,0.166667,0.666667,0.0,0.166667,servicio,6
751,0.371885,0.349642,0.016823,0.261649,0.666667,0.222222,0.0,0.111111,comida,9
752,0.505369,0.0,0.494519,0.000112,0.5,0.0,0.5,0.0,comida,6
753,0.725854,0.157895,0.085457,0.030794,0.6,0.4,0.0,0.0,comida,5
754,0.457575,0.165985,0.37644,0.0,0.5,0.25,0.25,0.0,comida,4
755,0.060282,0.627401,0.142125,0.170192,0.0,0.571429,0.285714,0.142857,servicio,7
756,0.758703,0.110068,0.059614,0.071615,1.0,0.0,0.0,0.0,comida,3
757,0.63689,0.001769,0.360887,0.000454,0.571429,0.0,0.428571,0.0,comida,7
758,0.152047,0.307255,0.538873,0.001825,0.0,0.4,0.6,0.0,precio,5
759,0.003792,0.502612,0.034926,0.45867,0.0,0.285714,0.0,0.714286,ambiente,7
760,0.146281,0.003259,0.821386,0.029074,0.25,0.0,0.75,0.0,precio,8
761,0.909943,0.005398,0.084617,4.2e-05,1.0,0.0,0.0,0.0,comida,5
762,0.008733,0.817952,0.163869,0.009447,0.0,1.0,0.0,0.0,servicio,4
763,0.00034,0.206201,0.046477,0.746981,0.0,0.142857,0.142857,0.714286,ambiente,7
764,0.089677,0.053708,0.846445,0.01017,0.0,0.0,1.0,0.0,precio,3
765,0.933202,0.021449,0.032942,0.012407,1.0,0.0,0.0,0.0,comida,3
766,0.032281,0.009116,0.723571,0.235031,0.125,0.0,0.625,0.25,precio,8
767,0.865094,0.100772,0.000197,0.033937,1.0,0.0,0.0,0.0,comida,5
768,0.0,0.009951,0.010612,0.979437,0.0,0.0,0.0,1.0,ambiente,7
769,0.381134,0.196793,0.197081,0.224992,0.5,0.0,0.0,0.5,comida,4
770,0.314152,0.145198,0.083035,0.457614,0.444444,0.0,0.111111,0.444444,comida,9
771,0.857728,0.058505,0.032806,0.050961,1.0,0.0,0.0,0.0,comida,9
772,0.304985,0.006729,0.12658,0.561706,0.0,0.0,0.0,1.0,ambiente,3
773,0.174792,0.061577,0.576423,0.187209,0.5,0.0,0.375,0.125,comida,8
774,0.102352,0.134518,0.076994,0.686135,0.0,0.6,0.0,0.4,servicio,5
775,0.145358,0.217596,0.464935,0.172111,0.0,0.666667,0.0,0.333333,servicio,3
776,0.004398,0.468176,0.502401,0.025024,0.0,0.666667,0.333333,0.0,servicio,6
777,0.174261,0.009571,0.776746,0.039422,0.2,0.0,0.8,0.0,precio,5
778,0.238485,0.003771,0.00157,0.756174,0.333333,0.0,0.0,0.666667,ambiente,6
779,0.540084,0.318656,0.124483,0.016777,0.2,0.8,0.0,0.0,servicio,5
780,0.222548,0.741278,0.015912,0.020262,0.2,0.8,0.0,0.0,servicio,5
781,0.058321,0.091953,0.074568,0.775158,0.2,0.0,0.4,0.4,precio,5
782,1e-06,0.118618,0.526769,0.354612,0.0,0.0,0.0,1.0,ambiente,3
783,0.394097,0.558002,0.022499,0.025403,0.375,0.5,0.125,0.0,servicio,8
784,0.154922,5.5e-05,0.457876,0.387147,0.0,0.0,0.375,0.625,ambiente,8
785,0.065355,0.884207,0.044249,0.006189,0.0,1.0,0.0,0.0,servicio,5
786,0.298248,0.251822,0.334923,0.115008,0.142857,0.428571,0.285714,0.142857,servicio,7
787,0.794506,0.136544,0.065903,0.003048,0.6,0.4,0.0,0.0,comida,5
788,0.643218,0.105095,0.171809,0.079878,0.5,0.166667,0.333333,0.0,comida,6
789,0.152331,0.167968,0.016572,0.663129,0.142857,0.142857,0.0,0.714286,ambiente,7
790,4.9e-05,0.999873,7e-05,8e-06,0.0,1.0,0.0,0.0,servicio,6
791,0.302536,0.051809,0.6415,0.004155,0.25,0.0,0.75,0.0,precio,8
792,0.961705,0.034056,0.000103,0.004137,0.875,0.0,0.0,0.125,comida,8
793,0.202412,0.706779,0.000136,0.090673,0.0,0.666667,0.0,0.333333,servicio,3
794,0.001433,0.655595,0.143327,0.199645,0.0,0.888889,0.0,0.111111,servicio,9
795,0.652108,4e-06,0.109389,0.238499,1.0,0.0,0.0,0.0,comida,3
796,0.051607,0.631895,0.061295,0.255203,0.0,0.666667,0.0,0.333333,servicio,3
797,0.00081,0.008686,0.986801,0.003703,0.0,0.0,1.0,0.0,precio,5
798,0.010907,0.000251,0.98884,2e-06,0.0,0.0,1.0,0.0,precio,6
799,0.058224,0.000961,0.178489,0.762326,0.0,0.0,0.0,1.0,ambiente,3
800,0.000849,0.65171,0.305524,0.041916,0.0,0.333333,0.666667,0.0,precio,3
