,CP1,CP2,CP3,CP4,CP5
Clima y Terreno,0.2064139542015543,-0.21783530833149747,0.6899559819307283,0.13732124593479095,-0.3691499290061133
Alojamiento,-0.35652160767721486,0.2506240001229806,-0.20817223006663377,-0.5118287076598821,-0.2334877811602432
Cuidado de la salud y el medio ambiente,0.4602146470176633,0.2994652822096176,0.007324925503870995,0.01470183198424958,-0.10324051815890134
Crimen,-0.28129838000388,0.3553422728193093,0.18510498107126935,0.5390504725806416,0.5239396872178786
Transporte,0.35115078064129673,0.1796044769507158,-0.14637628269134928,-0.30290370537122857,0.404348475338887
Educación,0.2752926356568161,0.4833820928780906,-0.22970254818438118,0.3354110342444898,-0.2088190585540455
Artes,0.46305448858564946,0.19478991950631644,0.026484297940437874,-0.10108039064966626,-0.10509763676819144
Recreación,0.32788790720782623,-0.384474637980869,0.050852639984223784,-0.18980081572701857,0.5295405755926728
Economía,0.13541225115704253,-0.47128327687014143,-0.6073144747726316,0.4217699395783375,-0.1596200562410672
