Ciudad,Principal_PCA80,Promedio_directo,PCA_Kaiser,Prioridad_talento,Ajuste_sin_atípicos,Rank_Principal_PCA80,Rank_Promedio_directo,Rank_PCA_Kaiser,Rank_Prioridad_talento,Rank_Ajuste_sin_atípicos
"Abilene,TX",-0.626581994148854,0.1615525035472973,-0.6379879018763741,-0.5978458494607913,-0.48790957970270527,243.0,121.0,247.0,238.0,209.0
"Akron,OH",0.08937367500172122,0.22726375488134068,0.12443679363462078,-0.05349050780076511,0.10917809251377256,120.0,110.0,109.0,146.0,116.0
"Albany,GA",-1.0500005603726366,-1.4296930221568103,-0.9916658953938567,-1.0087098843468898,-1.19474289365846,305.0,319.0,306.0,299.0,317.0
"Albany-Schenectady-Troy,NY",1.1011920960336739,1.4590090080459692,0.9752930623191732,1.365678640257505,1.1319499989151711,40.0,22.0,44.0,31.0,38.0
"Albuquerque,NM",0.9039965286463404,1.1534522814652213,1.0510718123024017,0.7230315377871822,1.2975359633118266,49.0,36.0,41.0,53.0,30.0
"Alexandria,LA",-0.768901885741532,-0.4736694195543698,-0.7526492678609291,-0.602815113049547,-0.616062912664727,265.0,215.0,269.0,242.0,238.0
"Allentown,Bethlehem,PA-NJ",-0.21855383576072096,-0.14342325508557444,-0.33945472710250163,0.007215468936146004,-0.16032057875729586,161.0,156.0,185.0,133.0,163.0
"Alton,Granite-City,IL",-0.10972118548717394,0.41076723860033076,-0.13467012005336643,0.025347986575989526,0.052272686804967765,143.0,89.0,142.0,131.0,125.0
"Altoona,PA",-0.6785482299734615,-0.23344786900584047,-0.7375083251285912,-0.5221097626645543,-0.4705003581161418,252.0,169.0,265.0,227.0,206.0
"Amarillo,TX",-0.3448032096675042,0.12943004800584193,-0.2561943446535663,-0.3423955596703427,-0.004318129917868856,199.0,125.0,167.0,192.0,135.0
"Anaheim-Santa-Ana,CA",1.1504722798367955,0.9278379672243181,0.915018955982346,0.9024379513531602,1.1981184528104638,38.0,49.0,46.0,48.0,32.0
"Anchorage,AK",0.12316347023978069,-0.9449582728816643,-0.06648525425297762,0.00935430779114973,-0.8943272237716299,115.0,285.0,136.0,132.0,284.0
"Anderson,IN",-1.284640952943296,-1.534675596804161,-1.1292813986827632,-1.2687868697555422,-1.1534650628754832,320.0,325.0,317.0,315.0,314.0
"Anderson,SC",-0.988825289363314,-1.0033302953419525,-0.8288601447219206,-0.9279769210120142,-0.6962484615392213,297.0,294.0,281.0,290.0,249.0
"Ann-Arbor,MI",1.2166212308683222,0.5076966310173555,1.1870815317618226,1.2958087633117177,1.0526049227706598,33.0,75.0,37.0,32.0,44.0
"Anniston,AL",-1.4501508230906224,-1.378028216595899,-1.247400098516134,-1.595781754716663,-1.286505488796078,326.0,317.0,323.0,327.0,321.0
"Appleton-Oshkosh-Neenah,WI",-0.27448831657636313,-0.21732214249499157,-0.4364775045225001,-0.13858702085728067,-0.5552599980467148,178.0,167.0,209.0,161.0,219.0
"Asheville,NC",0.03863848285601155,0.9457108285001239,-0.003694214870209649,0.13307805588213495,0.5030382701377497,125.0,46.0,125.0,118.0,76.0
"Athens,GA",-0.9456726992054568,-0.8026817003968603,-0.8476134130462404,-0.9430524466186532,-0.763469292737742,294.0,267.0,286.0,292.0,265.0
"Atlanta,GA",1.6675611459621837,2.1028401090261983,1.8193113843086317,1.6323043116147131,2.014314358563228,22.0,15.0,18.0,26.0,13.0
"Atlantic-City,NJ",0.042224333979025995,-0.24237713404504385,0.11490179993837904,-0.25796079990577914,0.13394341228589393,124.0,171.0,111.0,174.0,114.0
"Augusta,GA-SC",-0.4051324857127944,-0.2567283506345244,-0.34120274754903535,-0.2665983307965766,-0.35203128561665725,208.0,174.0,186.0,177.0,189.0
"Aurora-Elgin,IL",-0.3851456845124483,-0.9978129322463128,-0.4552660807114518,-0.467557603480467,-0.850096329685369,206.0,292.0,214.0,213.0,279.0
"Austin,TX",0.15391647197747121,-0.01160036539716697,0.11168465841937239,0.2899657427248684,-0.08076738080466614,108.0,142.0,112.0,91.0,152.0
"Bakersfield,CA",-0.7291784451551269,-1.0515345615174871,-0.5454577021037701,-0.9303193346944395,-0.61050536591401,259.0,303.0,228.0,291.0,236.0
"Baltimore,MD",2.330219342581957,2.112500690035352,2.5325944165137413,2.2332334175129738,2.5032084290079815,8.0,14.0,8.0,10.0,8.0
"Bangor,ME",0.12470300523897375,0.3932830976386633,0.03553414448179881,0.2339787083272433,0.10504126510577466,114.0,92.0,119.0,100.0,119.0
"Baton-Rouge,LA",-0.578897953123963,-1.217350074054904,-0.4060985391520171,-0.6972161012621062,-0.7396012763918115,234.0,315.0,203.0,257.0,262.0
"Battle-Creek,MI",-0.719034366793984,-0.8069146560709669,-0.5824916865165137,-0.7964103208712839,-0.58548200326728,258.0,268.0,238.0,276.0,227.0
"Beaumont-Port-Arthur,TX",-0.7072084939151316,-0.8110253096086436,-0.5724959847124343,-0.7565473871123919,-0.7488160792647885,256.0,270.0,236.0,271.0,263.0
"Beaver-County,PA",-0.7906658199370563,-0.8074845647776067,-0.88027140508894,-0.6960666373480109,-0.7759410250841804,272.0,269.0,292.0,256.0,267.0
"Bellingham,WA",-0.37657372000996175,0.31546916007647785,-0.4049026906871348,-0.5718425511650208,0.21590765227824407,204.0,102.0,201.0,234.0,106.0
"Benton-Harbor,MI",-1.068692989283994,-1.4593489079248727,-0.8816173991144888,-1.1759083835218356,-0.8696164470312823,308.0,322.0,293.0,311.0,282.0
"Bergen-Passaic,NJ",1.960108870078974,0.9820389953519602,1.7148016055347126,2.181006029282758,1.5187188057730765,12.0,42.0,20.0,11.0,26.0
"Billings,MT",0.22886778179908662,0.3387129877577902,0.12211773626013123,0.31752521164138525,0.19013891904865338,97.0,100.0,110.0,88.0,108.0
"Biloxi-Gulfport,MS",-0.9359097256770059,-0.28888469038253706,-0.938575791433544,-0.994493670615605,-0.7383687466703018,292.0,178.0,301.0,297.0,261.0
"Binghampton,NY",0.14737271407986002,0.6048234748777988,-0.035309256301814695,0.3366975883395926,0.18011774456423046,110.0,68.0,130.0,86.0,110.0
"Birmingham,AL",0.13470272022688273,0.2579319648025597,0.29294915463877497,0.12705414959789985,0.42003545644826035,112.0,107.0,90.0,120.0,84.0
"Bismarck,ND",-0.2448053616759569,-0.7871186898803052,-0.48716691147153734,0.036135953051554745,-1.137233882011568,167.0,265.0,220.0,127.0,312.0
"Bloomington,IN",-0.6304929150867339,-0.32623325962646166,-0.6735025073836126,-0.562074788112912,-0.5213255802787284,244.0,186.0,251.0,232.0,215.0
"Bloomington-Normal,IL",0.13923559520638124,0.24070237139877568,0.015760320493787318,0.2485071681686684,0.039346657744650175,111.0,109.0,120.0,98.0,127.0
"Boise-City,ID",-0.3229820762103361,-0.26902681779927023,-0.29442550679027374,-0.4328931259500094,-0.18034160567967136,189.0,175.0,176.0,203.0,165.0
"Boston,MA",3.6739545223770698,3.77973956871822,3.6918502939645252,3.687965058247506,3.5109069387280947,4.0,3.0,4.0,4.0,5.0
"Boulder-Longmont,CO",0.8624395383694206,0.8385932497922115,0.6641426498582782,0.6309952634450235,0.5024406961501683,54.0,54.0,62.0,57.0,77.0
"Bradenton,FL",-0.5791333461682422,-0.62160465796474,-0.6106178490675778,-0.5639384250221838,-0.773801141004462,235.0,236.0,244.0,233.0,266.0
"Brazoria,TX",-0.691191755305598,-0.9067384457347585,-0.783650569084302,-0.5989621563620638,-0.9907547648377445,255.0,281.0,272.0,240.0,300.0
"Bremerton,WA",-0.9978451104000587,-0.2898333630762906,-1.0917413861901186,-1.1211607665079262,-0.5963988948868169,300.0,179.0,311.0,308.0,231.0
"Bridgeport-Milford,CT",1.1976726341556208,0.8627508746975461,1.0208176340380708,1.2154755722662351,0.8820844779404498,34.0,53.0,42.0,36.0,50.0
"Bristol,CT",-0.26177655362371544,-0.3857483006617829,-0.44929711301842423,-0.11947875161407268,-0.5733098892459795,174.0,201.0,212.0,158.0,223.0
"Brockton,MA",-0.3567229051220287,-0.382197675977481,-0.2590745795741719,-0.4359975415837461,-0.27988189882521236,200.0,200.0,168.0,204.0,174.0
"Brownsville-Harlington,TX",-1.131124046581949,-0.7234855264014681,-1.0717880910267688,-1.28354653567443,-1.0729910824145763,312.0,256.0,309.0,317.0,308.0
"Bryan-College-Station,TX",-0.3141722443591771,-0.3171559667091783,-0.39755423519675853,-0.19082621845907638,-0.6451871480993242,186.0,182.0,199.0,168.0,244.0
"Buffalo,NY",1.1838235896252656,1.4443873543061332,1.2208312660527545,1.2100318946998259,1.2977458102218395,36.0,23.0,35.0,37.0,29.0
"Burlington,NC",-1.1761100516649334,-0.6511253648186033,-1.136678279217923,-1.1312351195070955,-0.979130460232024,316.0,240.0,319.0,309.0,299.0
"Burlington,VT",1.4476976331566205,1.8922009042530759,1.1249577074932058,1.6356476487545009,1.1322907605497452,32.0,18.0,38.0,25.0,37.0
"Canton,OH",-0.5631925199040984,-0.36577859184374134,-0.5924407149227368,-0.4766236182408708,-0.40705183065561296,231.0,195.0,241.0,217.0,195.0
"Casper,WY",-0.5938298460395994,-1.2122675354401236,-0.6700421827194516,-0.610545676424158,-1.035457174241556,238.0,314.0,250.0,244.0,303.0
"Cedar-Rapids,IA",-0.31353590814968313,-0.4608777695901406,-0.36512074152046003,-0.2358667739015919,-0.5044411380306805,185.0,212.0,195.0,172.0,213.0
"Champaign-Urbana-Rantoul,IL",0.6185552516268883,0.5736796074238658,0.6032539473809879,0.6821114761732164,0.775799013801682,62.0,70.0,65.0,55.0,57.0
"Charleston,SC",0.3439674598870783,0.3037844765072957,0.5149387113846352,0.23714076953332175,0.6466411263913837,84.0,104.0,70.0,99.0,66.0
"Charleston,WV",-0.07321380357984413,0.19911693055858043,-0.08670183351153195,0.030724336551409926,0.18486549443450556,140.0,115.0,140.0,128.0,109.0
"Charlotte-Gastonia-Rock-Hill,NC-SC",0.30682179687432687,0.5679473827000833,0.4639666281648106,0.27726746719376233,0.7526095456679216,90.0,72.0,73.0,94.0,60.0
"Charlottesville,VA",0.9601960730421828,1.2482791400469893,0.8175658812360452,1.1431879147375235,1.181369785216352,48.0,29.0,51.0,39.0,33.0
"Chattanooga,TN-GA",-1.0099616637784166,-0.8986248850076851,-0.8767325694522566,-1.076229570027452,-0.8234122343391617,303.0,280.0,291.0,306.0,272.0
"Chicago,IL",4.083256423937663,3.934888348466162,4.117101864924558,4.208282855271194,3.7263609503066353,2.0,2.0,2.0,2.0,3.0
"Chico,CA",-0.14354532096585562,-0.14819258326228152,-0.16262020308743141,-0.087029773431677,0.10667928980877944,151.0,159.0,146.0,152.0,117.0
"Cincinnati,OH-KY-IN",1.0412374849557526,1.386824119581577,1.0850104229253734,1.0039984961200406,1.1580004833707713,46.0,24.0,40.0,42.0,34.0
"Clarksville-Hopkinsville,TN-KY",-1.0052528250130441,-0.5172540228410402,-1.0035656627666412,-1.0217056369203028,-0.8343901952888674,302.0,221.0,308.0,300.0,274.0
"Cleveland,OH",1.9884018107575843,2.1901153546834418,2.053414345077643,1.8723382670925586,2.0370239635834615,11.0,12.0,10.0,19.0,12.0
"Colorado-Springs,CO",-0.2462397844074103,0.18280922201121708,-0.30658299192107147,-0.3280149776344853,-0.2906754751368275,169.0,118.0,179.0,189.0,176.0
"Columbia,MO",-0.37564926847905256,-0.5549925071897399,-0.26541518437176564,-0.4508786339673408,-0.4836413583379303,203.0,226.0,172.0,208.0,208.0
"Columbia,SC",0.21762098070614747,-0.14607578539195884,0.4274197213391789,0.13891280810363757,0.3751314060529058,98.0,158.0,78.0,115.0,90.0
"Columbus,GA-AL",-0.8104364882317346,-0.623894473307673,-0.7342550280697299,-0.7526488431615873,-0.7112236018666729,274.0,237.0,264.0,270.0,252.0
"Columbus,OH",0.49275971947465386,0.4886278526509739,0.5679194623570542,0.47501284754852524,0.5572667696864393,69.0,78.0,67.0,70.0,73.0
"Corpus-Christi,TX",-0.4080987370047085,-0.5662380927635151,-0.33026092427928755,-0.43647435028622766,-0.5747178008271007,210.0,227.0,184.0,205.0,224.0
"Cumberland,MD-WV",-0.14865454062611472,0.5219652551022838,-0.25247804963927795,0.16931743906940788,0.20586032748603336,152.0,73.0,166.0,110.0,107.0
"Dallas,TX",1.8101177726649116,1.972509048797065,1.9018519813554873,1.7624703667222759,1.8091277067132614,18.0,16.0,14.0,23.0,16.0
"Danbury,CT",1.0755027869078932,0.49152558559266163,0.7422454367614922,1.2446590090214016,0.45814078454918344,44.0,77.0,55.0,34.0,80.0
"Danville,VA",-0.7874047554463541,-0.41804636887659213,-0.830899017522488,-0.5192818287121524,-0.606453776014476,269.0,206.0,282.0,225.0,234.0
"Davenport-Rock-Island-Moline,IA-IL",-0.1251223560868273,-0.36245790437233416,-0.17252778177077085,-0.03629371938461038,-0.2904810495058098,147.0,194.0,149.0,142.0,175.0
"Dayton-Springfield,OH",0.37648637023366893,0.039475094137893935,0.5442921084540632,0.3880568507447643,0.38128539959880986,78.0,136.0,68.0,77.0,89.0
"Daytona-Beach,FL",-0.27095203889788333,0.45476653788442445,-0.22004316384741335,-0.5852401084413205,-0.03892579090620902,176.0,80.0,160.0,237.0,144.0
"Decatur,IL",-0.6658424566233674,-1.054971579475982,-0.6175857249680262,-0.6135432530586854,-0.7141210993745903,250.0,304.0,245.0,245.0,253.0
"Denver,CO",1.9307506043733649,1.7932989847731475,1.9291789799835457,1.8897918623131218,1.7986618351013914,14.0,19.0,13.0,18.0,17.0
"Des-Moines,IA",-0.05433683123723207,-0.3083845816190593,-0.022451350376901578,-0.0786894389540576,-0.22689008511824008,134.0,181.0,127.0,150.0,169.0
"Detroit,MI",1.591119868456046,0.9330836444145912,1.859104731850134,1.4949734163681123,1.538190115277914,26.0,48.0,15.0,30.0,24.0
"Dothgan,AL",-1.5338219328078313,-1.897832420449358,-1.4399978206637445,-1.4891785719952018,-1.914745378519036,327.0,329.0,326.0,324.0,328.0
"Dubuque,IA",-0.5911425217227887,-1.011701783834108,-0.6748581537736758,-0.4603066610558667,-0.8337943047135503,237.0,296.0,252.0,211.0,273.0
"Duluth,MN-WI",-0.0720875343933409,-0.18024490394095158,-0.18130618374844662,0.04858473542499062,-0.6043833293822651,138.0,165.0,153.0,123.0,233.0
"East-St.-Louis-Belleville,IL",-0.29955630272030975,0.12971919517100008,-0.21952462421932364,-0.37027293072144857,-0.07279420293498252,182.0,124.0,159.0,193.0,150.0
"Eau-Claire,WI",-0.32071932564504363,-0.5835321511324572,-0.4810699717819104,-0.00465421360740981,-0.8418773667108584,187.0,234.0,219.0,135.0,276.0
"El-Paso,TX",-0.7737877122809788,-1.0094860746746257,-0.5711378018715126,-0.9158735424487766,-0.5913492599109755,267.0,295.0,234.0,287.0,229.0
"Elkhart-Goshen,IN",-0.8539381257954527,-0.7412474271808233,-0.872255541160061,-0.7508214412252275,-0.8206727240494625,285.0,260.0,290.0,269.0,271.0
"Elmira,NY",-0.40573226017743186,-0.3182081743855561,-0.4875951979052907,-0.22667562299671024,-0.42293946995360404,209.0,183.0,221.0,170.0,198.0
"Enid,OK",-0.7679120297861667,-0.1813182153941615,-0.8445567221873166,-0.6658288686074213,-0.9070013863828802,264.0,166.0,285.0,251.0,290.0
"Erie,PA",-0.3086329407649388,-0.12035182736011196,-0.32872406259128545,-0.2765848377181915,-0.10326756340001242,184.0,150.0,182.0,182.0,157.0
"Eugene-Springfield,OR",0.4017298284440473,0.6123374974039661,0.3713917568756573,0.2701319448554247,0.97470787219018,76.0,67.0,82.0,95.0,47.0
"Evansville,IN-KY",-0.48787461555709005,-0.2254681318328288,-0.4559924340312482,-0.45818917261556646,-0.3365702609004451,220.0,168.0,215.0,209.0,185.0
"Fall-River,MA-RI",-0.44738534860473034,-0.3675591939281407,-0.4662391317813617,-0.5757400984312105,-0.3333302817128592,215.0,196.0,217.0,235.0,184.0
"Fargo-Moorhead,ND-MN",-0.05960634934944436,-0.6964966487404344,-0.23456009425854993,0.16989403807873357,-0.9243045436199567,136.0,250.0,163.0,109.0,291.0
"Fayetteville,NC",-0.32354700785967894,-0.3192594921932599,-0.17667090998566504,-0.23696531837117876,-0.025978293844480294,190.0,184.0,151.0,173.0,142.0
"Fayettteville-Sprindale,AR",-0.9355838751161735,-0.5512495262790964,-0.9629476693716315,-0.9480438892158539,-0.9020865063703332,291.0,225.0,302.0,293.0,288.0
"Fitchburg-Leominster,MA",-0.7899507226131247,-1.0765915605028586,-0.8562222098701165,-0.6285568521074874,-0.92491591400145,271.0,305.0,287.0,250.0,292.0
"Flint,MI",-0.6355676380507504,-1.4578753374750018,-0.3057943662480089,-0.8505291107702285,-0.44138574854996254,245.0,321.0,178.0,282.0,199.0
"Florence,AL",-1.3984689909221295,-1.1432768042334902,-1.3924755133066888,-1.3196898186900998,-1.370110120672943,324.0,309.0,325.0,319.0,323.0
"Florence,SC",-0.207524395281571,-0.4646242468068125,-0.008819995599938816,-0.1576882115982731,0.12058401342381594,158.0,214.0,126.0,163.0,115.0
"Fort-Collins-Lover=land,CO",-0.33505378856790824,0.1018903575899507,-0.5625502826534844,-0.5403225438323872,-0.6367198932771478,195.0,127.0,232.0,230.0,243.0
"Fort-Lauderdale-Hollywood-Pompano-Beach,FL",0.17085531471999318,-0.17032594005105725,0.20186310404943023,-0.04783908090688985,0.08064881446355894,105.0,163.0,100.0,144.0,122.0
"Fort-Myers,FL",0.09749188590506579,0.4161586947623901,-0.15294138111499211,0.029809825575863497,-0.326049384723954,119.0,87.0,145.0,129.0,183.0
"Fort-Pierce,FL",-0.26500100300450485,-0.02339629020143213,-0.24853537860092995,-0.34102657620775945,-0.07244200457660195,175.0,143.0,165.0,191.0,149.0
"Fort-Smith,AR-OK",-0.6810325660978511,-0.3289866164887756,-0.700961236839077,-0.5534272915172173,-0.5603384484078208,253.0,188.0,258.0,231.0,222.0
"Fort-Walton-Beach,FL",-0.5673252591819818,0.07270167467098178,-0.7238288487399501,-0.49008453282043873,-0.5471685903812422,232.0,134.0,262.0,219.0,217.0
"Fort-Wayne,IN",-0.07230763059692531,0.07306185837259785,-0.057684788813255554,-0.0027070332867169507,0.018450108977437027,139.0,133.0,132.0,134.0,131.0
"Forth-Arlington,TX",0.07619119583528569,0.3060118420911425,0.1728151142253918,-0.09944256575122405,0.09764912428640014,121.0,103.0,105.0,154.0,120.0
"Fresno,CA",-0.36516354209982105,-0.5781701744329585,-0.2630003010965396,-0.6989847077762904,-0.32581172729024876,202.0,231.0,171.0,258.0,182.0
"Gadsden,AL",-1.605469531801174,-1.666365441252704,-1.479776363724037,-1.5518034919023271,-1.5682792710025213,328.0,326.0,327.0,326.0,325.0
"Gainesville,FL",0.121583665561784,-0.6705312951146543,0.35133758419628885,0.138744716372516,-0.009756130957188898,116.0,246.0,86.0,116.0,139.0
"Galveston-Texas-City,TX",-0.0529603640380886,0.7061823114419341,0.015072336091859283,-0.2747286261860974,0.4077654571413202,132.0,63.0,121.0,181.0,85.0
"Gary-Hammond,IN",0.008202728800814376,-0.3257153038171364,0.10211012287888524,-0.054256340245375276,-0.04849051855599199,128.0,185.0,113.0,147.0,146.0
"Glens-Falls,NY",-0.9998133306341536,-0.7950486500656014,-1.0965110507693607,-0.9254812423286584,-1.0648340451578977,301.0,266.0,312.0,289.0,306.0
"Grand-Forks,ND",0.03735016838238177,-0.618067276589577,-0.17389599549412055,0.3751217018549856,-0.8959404126199906,126.0,235.0,150.0,79.0,285.0
"Grand-Rapids,MI",-0.2502124992961513,-0.3715681454427733,-0.21261854547795828,-0.26400380280033603,-0.295740658040728,171.0,197.0,158.0,176.0,178.0
"Great-Falls,MT",-0.5125826187182568,-0.6286099884099816,-0.5454373928005115,-0.46447456747998517,-0.6609886032915607,225.0,239.0,227.0,212.0,246.0
"Greeley,CO",-0.7897637614301971,-1.3149903519840198,-0.7596343305302324,-0.683358493416216,-0.9291641371486047,270.0,316.0,270.0,254.0,295.0
"Green-Bay,WI",-0.28689078709926047,-0.43427962484700217,-0.4324699168950219,-0.17667404075680565,-0.7310278615936002,181.0,208.0,208.0,165.0,258.0
"Greensboro-Winston-Salem-High-Point,NC",0.3451959216173333,0.7316132495763209,0.41470368011242276,0.3955677396825632,0.6611376148589749,83.0,60.0,79.0,74.0,65.0
"Greenville-Spartanburg,SC",0.0559574438172694,0.3708704160746158,0.2139855831544321,0.09033900406552656,0.5738238924927686,122.0,95.0,98.0,122.0,72.0
"Hagerstown,MD",-0.3208163171411293,-0.2504643865832771,-0.3802639445162277,-0.18762243817409627,-0.19537603270268808,188.0,172.0,196.0,167.0,167.0
"Hamilton-Middletown,OH",-0.33713707853222047,-0.567435421948751,-0.31945627133846954,-0.3184901447262187,-0.35387539629110976,196.0,228.0,180.0,185.0,190.0
"Harrisburg-Lebanon-Carlisle,PA",0.8892586973813678,1.2466122262777484,0.8091116883700715,1.093566949076903,0.989255084625281,50.0,30.0,52.0,40.0,45.0
"Hartford,CT",1.8930261471423933,1.2363520697499155,1.8309644072952078,2.033058010536054,1.762521118944797,16.0,31.0,17.0,13.0,18.0
"Hickory,NC",-0.8354728088714947,-0.6704228225343813,-0.7842411274672224,-0.7610044134000757,-0.6177321609486474,282.0,245.0,273.0,272.0,239.0
"Honolulu,HI",1.1686148922632194,0.35547766534931446,0.8774826673871128,0.8708680042767312,0.8397550424179736,37.0,99.0,48.0,51.0,53.0
"Houma-Thibodaux,LA",-1.4381643787025216,-0.7477116912843806,-1.6233800756659862,-1.5109478775035523,-1.8559915212092977,325.0,261.0,328.0,325.0,327.0
"Houston,TX",1.4596429447815198,1.0124613660325918,1.533002763764698,1.5046644838722065,1.1435620205702932,30.0,40.0,22.0,29.0,36.0
"Huntington-Ashland,WV-KY-OH",-0.7417830626382618,-0.4486550598968528,-0.687706776402549,-0.70704487266203,-0.4981050505628316,262.0,210.0,255.0,260.0,211.0
"Huntsville,AL",-1.2072610667715722,-0.6633848602081343,-1.126170427917142,-1.2969591387423736,-1.088850679116776,317.0,243.0,316.0,318.0,309.0
"Indianapolis,IN",0.5202528218467268,0.8083426090187477,0.6226203599724546,0.4829039823284508,0.6085616886638827,66.0,56.0,63.0,68.0,70.0
"Iowa-City,IA",0.16050469680527046,-0.46383529972996806,0.0992296094278864,0.29328242754189915,-0.29411261645300624,106.0,213.0,114.0,90.0,177.0
"Jackson,MI",-0.5405473377619145,-0.7018846335826958,-0.43801415946372707,-0.5981669761168567,-0.3899515129130846,228.0,252.0,211.0,239.0,192.0
"Jackson,MS",0.4280983353379819,0.09032415931618457,0.49877854080365824,0.5683845807000623,0.3113559661839445,72.0,129.0,72.0,61.0,95.0
"Jacksonville,FL",0.3921648845796741,0.7937689519114904,0.4423799494632017,0.3446084689430054,0.5141953642667947,77.0,57.0,76.0,83.0,75.0
"Jacksonville,NC",-1.0624240307007722,-0.6263132283705983,-0.9960153049336887,-1.0580814473467295,-0.9288845849125539,307.0,238.0,307.0,304.0,294.0
"Janesville-Beloit,WI",-0.8284054113349189,-1.1495754623588517,-0.7998917864658766,-0.8253675572435232,-0.9586237469009392,279.0,310.0,277.0,279.0,298.0
"Jersey-City,NJ",0.1763126812163793,-0.4053853448368576,0.4011994863908149,0.04626731340693576,0.22588465460741428,104.0,204.0,80.0,125.0,105.0
"Johnson-City-Kingsport-Bristol,TN-VA",-0.3862162836322572,0.6433596383768624,-0.4612892363992979,-0.30003031612592,-0.008883011002229591,207.0,66.0,216.0,184.0,138.0
"Johnstown,PA",-0.639356677029566,-0.34339343333820405,-0.7043262971759399,-0.45908152822800763,-0.544773069821832,246.0,190.0,259.0,210.0,216.0
"Joliet,IL",0.11436868025997206,-0.38624189681075677,0.06513973160636206,0.19213565220139392,-0.06246149927496895,117.0,202.0,116.0,105.0,148.0
"Joplin,MO",-1.010421121121551,-0.39570713924310597,-0.9864396897136456,-0.8544756059221263,-0.7160881825011859,304.0,203.0,305.0,285.0,254.0
"Kalamazoo,MI",0.13398575053443204,0.01965516253277428,0.19475707277265122,0.0909703102256888,0.2545239446267938,113.0,139.0,102.0,121.0,102.0
"Kankakee,IL",-0.6116031989699335,-0.7509315058661032,-0.5802745213621733,-0.530032079023064,-0.6190788885544868,241.0,262.0,237.0,229.0,241.0
"Kansas-City,KS",0.2521744397655907,0.17221448616337476,0.3072483911453133,0.32529514359032446,0.3104162093355499,94.0,120.0,89.0,87.0,96.0
"Kansas-City,MO",0.6061718545675175,0.49436836669902423,0.8299746301161498,0.5053638062679555,0.8309423546046582,63.0,76.0,50.0,66.0,54.0
"Kenosha,WI",0.1973887912591425,0.11734298290385321,0.1652484302040905,0.21950564005376316,0.1466433414323425,100.0,126.0,108.0,103.0,113.0
"Kileen-Temple,TX",-0.4658800119890871,-0.4449879634963793,-0.531600113648673,-0.18723975382042157,-0.6352606180691782,218.0,209.0,226.0,166.0,242.0
"Knoxville,TN",-0.1273514723284432,0.9666687882533321,-0.17804170757489166,-0.1671224214583652,0.26355863959814624,148.0,44.0,152.0,164.0,100.0
"Kokomo,IN",-0.9321474796364079,-1.045893811569213,-0.9803191437585947,-0.7046999424384996,-0.8977260219899822,289.0,302.0,303.0,259.0,286.0
"La-Crosse,WI",0.3137773655082236,0.18222481525164014,0.16691532978767853,0.49268533312851864,0.034749085409959246,89.0,119.0,106.0,67.0,128.0
"Lafayette,IN",-0.022584192549365296,0.09249085376440479,-0.1425101049309905,0.1382084202263231,-0.019762685047761325,129.0,128.0,143.0,117.0,141.0
"Lafayette,LA",-0.37874153237033914,0.21510820330144081,-0.4925724472249229,-0.46834087915333855,-0.7383603341371545,205.0,112.0,222.0,214.0,260.0
"Lake-Charles,LA",-0.9949683215090439,-0.9515691816119177,-0.922727371756685,-1.1196991014715671,-1.069760530001477,298.0,286.0,297.0,307.0,307.0
"Lake-County,IL",0.2294169072151287,-0.5813476643216487,0.010567012386768755,0.1729237499366613,-0.3050459152437397,96.0,233.0,124.0,108.0,180.0
"Lakeland-Winter-Haven,FL",-0.43352624729321715,-0.8726842548329878,-0.3445183652564566,-0.44753928195728837,-0.606754910035798,214.0,278.0,189.0,207.0,235.0
"Lancaster,PA",0.018674424542562074,0.14291347690568648,-0.14563365859451985,0.2615085425272028,0.016453785838832297,127.0,122.0,144.0,97.0,133.0
"Lansing-East-Lansing,MI",0.31717137508302207,0.13444535486017156,0.3360544924720666,0.39349580991515937,0.26689000883690195,86.0,123.0,87.0,75.0,98.0
"Laredo,TX",-0.8485048101559741,-1.1519871578593943,-0.7449347091077864,-0.734742441981189,-0.8863269609012809,284.0,311.0,267.0,267.0,283.0
"Las-Cruces,NM",-0.6579488234015348,-0.8679952301875189,-0.4494123329095371,-0.7880870934564138,-0.4588726248814535,249.0,277.0,213.0,274.0,204.0
"Las-Vegas,NV",-0.20853490053010437,-0.5285669491858963,-0.03934112467000863,-0.7632100303914214,-0.13897102794669614,160.0,222.0,131.0,273.0,161.0
"Lawrence,KS",-0.5994138835919693,-0.8364495976878017,-0.525883107305306,-0.6280787297361167,-0.5770890456257034,239.0,272.0,225.0,248.0,226.0
"Lawrence-Haverhill,MA-NH",-0.24630255323277592,-0.40796233497791795,-0.34734297832311095,-0.3198053460608174,-0.5166779073067869,170.0,205.0,191.0,186.0,214.0
"Lawton,OK",-1.2100997258484572,-0.9872709630374569,-1.0865268364772838,-1.3291899118258836,-1.2099851312596677,318.0,290.0,310.0,320.0,318.0
"Lewiston-Auburn,ME",-0.7166237132555843,-0.7196195041706657,-0.7137870450891888,-0.6782544336232882,-0.7262350406384522,257.0,255.0,261.0,252.0,257.0
"Lexington-Fayette,KY",0.19722544523562793,0.43824055365355113,0.24052071682123607,0.19037477196208094,0.33526160591997956,101.0,82.0,95.0,106.0,94.0
"Lima,OH",-0.6222401939549425,-0.7146028779995907,-0.5669486324066753,-0.6067593601615273,-0.5589505433825558,242.0,254.0,233.0,243.0,221.0
"Lincoln,NE",0.2333795282282902,-0.0634562971495907,0.18113114684646667,0.34115589437025323,0.01828738368414796,95.0,146.0,103.0,85.0,132.0
"Little-Rock,North-Little-Rock,AR",-0.2398049782504933,-0.5681511116246231,-0.06482209922671449,-0.3217964427418895,-0.30273534578316424,166.0,229.0,134.0,187.0,179.0
"Longview-Marshall,TX",-0.8236949182227743,-0.5805738018597179,-0.7973918807943814,-0.7341526485743506,-0.8016980004359018,277.0,232.0,276.0,266.0,268.0
"Lorain-Elyria,OH",-0.45939166919852253,-0.6990547291422053,-0.4763075608794412,-0.4308238547240101,-0.44777632535430645,216.0,251.0,218.0,202.0,201.0
"Los-Angeles,Long-Beach,CA",3.2841715191209273,2.911833107975334,3.5254315457094867,2.868226971562008,3.502044080960664,6.0,7.0,5.0,7.0,6.0
"Louisville,KY-IN",0.6414514518748701,1.2356160695790555,0.7037331296699132,0.6715092039715468,0.9367436568968323,60.0,32.0,59.0,56.0,48.0
"Lowell,MA-NH",-0.33466462085843535,-0.45721304730424256,-0.4172077418785348,-0.32179797971149954,-0.612417224850155,194.0,211.0,205.0,188.0,237.0
"Lubbock,TX",-0.4928464278854968,-0.4821890420147201,-0.2364773697172143,-0.7313752781044651,-0.2154199974287856,222.0,216.0,164.0,264.0,168.0
"Lynchburg,VA",-0.32380175787083854,0.2458615631194169,-0.34292425528079395,-0.2701303532578406,0.016254794209030612,191.0,108.0,188.0,178.0,134.0
"Macon,Warner-Robbins,GA",-0.8180217760841546,-0.6698086740272701,-0.8066729456593177,-0.7277220354812124,-0.8995143227643688,275.0,244.0,278.0,263.0,287.0
"Madison,WI",1.0829807153901154,0.5940743970226213,0.9591737400179127,1.2513611984868105,0.6274603276895615,43.0,69.0,45.0,33.0,69.0
"Manchester,NH",-0.2077152681357959,-0.4925038547851931,-0.4065009525237039,-0.02246548165038837,-0.6889833343693518,159.0,218.0,204.0,139.0,247.0
"Mansfield,OH",-0.8426576960411686,-1.0862310047419688,-0.7250030539777244,-0.8188079959756027,-0.6185377112725423,283.0,307.0,263.0,278.0,240.0
"McAllen-Edinburg-Mission,TX",-1.1381376749011511,-1.4441999267768078,-1.113414491950641,-0.9601940400287108,-1.589743333024833,313.0,320.0,314.0,295.0,326.0
"Medford,OR",-0.543604984520088,-0.8895120161608079,-0.571149993093998,-0.5073351027134648,-0.40681194535629056,229.0,279.0,235.0,222.0,194.0
"Melbourne-Titusville-Palm-Bay,FL",-0.2837960086094131,0.43176307567647687,-0.3962749406580948,-0.4741814734596084,-0.1663837512269548,180.0,83.0,198.0,216.0,164.0
"Memphis,TN-AR-MS",0.5108597144714662,0.3675869826531181,0.7329537893135882,0.3918455322548051,0.6335500302977456,67.0,97.0,57.0,76.0,67.0
"Miami-Hialeah,FL",1.0076086352009324,0.4425361194273032,1.3442638025118505,0.44770447367661004,1.2729317689648307,47.0,81.0,31.0,73.0,31.0
"Middlesex-Somerset,Hunterdon,NJ",1.6632669807650233,1.3282202477681164,1.4473867139501182,1.9245047647412752,1.3856194094518417,23.0,26.0,25.0,16.0,28.0
"Middletown,CT",0.41854515200329284,0.2707143971075494,0.1730304375285764,0.5473542691498062,0.30917717706065995,73.0,105.0,104.0,63.0,97.0
"Midland,TX",-0.5224132616166002,0.4008324862194175,-0.5895250298486916,-0.6828088607648624,-0.460591165575038,227.0,91.0,239.0,253.0,205.0
"Milwaukee,WI",1.479905599846348,1.206251678390927,1.3851593802340991,1.5427942384509317,1.112339208315406,29.0,34.0,29.0,28.0,41.0
"Minneapolis-St.-Paul,MN-WI",1.8855034649114695,1.3244534464138322,1.8336305214211086,2.0642680226996872,1.1288027206008757,17.0,27.0,16.0,12.0,39.0
"Mobile,AL",-0.32877535258570195,-0.852669837251979,-0.1050254780015046,-0.4416495723405943,-0.34249743582577824,193.0,273.0,141.0,206.0,186.0
"Modesto,CA",-1.0833647212444446,-1.4836997254815194,-0.9832343537221354,-1.1511675823106025,-0.934518179159369,310.0,324.0,304.0,310.0,296.0
"Monmouth-Ocean,NJ",0.8773359470527972,1.0196609490508926,0.7013569935309262,0.760775268015299,0.6335027520503026,51.0,38.0,60.0,52.0,68.0
"Monroe,LA",-0.9720829839080581,-0.8593335484536595,-0.9047274043064373,-1.0054463450319338,-1.010537400676738,296.0,274.0,296.0,298.0,302.0
"Montgomery,AL",-0.9342061654000964,-1.0186848064892904,-0.8831368473473002,-0.921033365627963,-1.0381811420379865,290.0,298.0,294.0,288.0,304.0
"Muncie,IN",-0.25807159251725376,-0.0826492102426664,-0.1839210056393838,-0.14520364381269915,-0.017259157288764548,173.0,147.0,154.0,162.0,140.0
"Muskegon,MI",-0.76921178287405,-0.9896731257308737,-0.5036983166229707,-1.034373896409222,-0.4076149957813113,266.0,291.0,223.0,302.0,197.0
"Nashua,NH",-0.13164908810166592,-0.03089148602053059,-0.40257075215797644,-0.010595712788534108,-0.4534459753772943,149.0,144.0,200.0,138.0,202.0
"Nashville,TN",0.31593509866510655,0.7070867059417254,0.352703813869059,0.2816149038479548,0.43881027024669517,87.0,62.0,85.0,93.0,82.0
"Nassua-Suffolk,NY",1.7164446735104133,2.5812692137424524,1.442762909404339,1.7648454515280863,1.5248935717483567,21.0,9.0,26.0,22.0,25.0
"New-Bedsford,MA",-0.9428497800940215,-0.9622102473592431,-0.8719620616909359,-1.0664978459815284,-0.758888944443461,293.0,287.0,289.0,305.0,264.0
"New-Britain,CT",0.44548181390601643,0.0847631714435579,0.3211405322659903,0.588671877409987,0.264040930328075,71.0,131.0,88.0,60.0,99.0
"New-Haven-Meriden,CT",1.636001921678928,1.2223579530374646,1.5275330367365516,1.8140349866824084,1.5832803222414547,24.0,33.0,23.0,21.0,22.0
"New-London-Norwich,CT-RI",0.4086217260883973,0.7673817007477483,0.1668462218601844,0.5242636430100219,0.4559249797073554,75.0,59.0,107.0,65.0,81.0
"New-Orleans,LA",1.1296533128198114,1.1732227094369962,1.2624245996351857,0.9304398626146356,1.0890144689378312,39.0,35.0,33.0,46.0,43.0
"New-York,NY",6.35546942833083,5.395385085712325,6.956281059227155,5.908001569867296,5.956747718853908,1.0,1.0,1.0,1.0,1.0
"Newark,NJ",2.295247167045644,0.979009290060494,2.3212983225928934,2.313667953148598,1.8669597759740886,9.0,43.0,9.0,8.0,15.0
"Niagara-Falls,NY",-0.4307473519422953,-0.32746235841136606,-0.4374877686923417,-0.47406962700996286,-0.3208141436631275,213.0,187.0,210.0,215.0,181.0
"Norfolk-Virginia-Beach-Newport-News,VA",0.6250321439395119,1.1307435438320963,0.6145078707223556,0.5510619115824071,0.7907167808442623,61.0,37.0,64.0,62.0,56.0
"Norwalk,CT",1.7664823860321364,0.20395456238769133,1.2788382603718826,1.8194751457741973,0.8952735441550295,19.0,114.0,32.0,20.0,49.0
"Oakland,CA",1.096719671641248,0.8634151477129639,1.1907274353203385,0.7206756054618305,1.4900425178145797,42.0,52.0,36.0,54.0,27.0
"Ocala,FL",-0.30330122147280003,-0.1617375471662539,-0.2817849405425412,-0.3898595102834767,-0.4771584428509192,183.0,161.0,174.0,197.0,207.0
"Odessa,TX",-1.09826090231368,-1.011726714609131,-0.8572107899000027,-1.2537375725548787,-0.8160526026248937,311.0,297.0,288.0,314.0,269.0
"Oklahoma-City,OK",0.3159239394947785,0.9505956279400266,0.39217195766125135,0.26968513679771083,0.42577972421493454,88.0,45.0,81.0,96.0,83.0
"Olympia,WA",-0.6665747271388939,-0.27794258055650506,-0.6795790985664287,-0.725403088552174,-0.2789014407430566,251.0,177.0,254.0,262.0,173.0
"Omaha,NE-IA",0.8716133370412729,1.018093694707461,0.9005619885142979,0.9752122899711371,0.7657331637238667,52.0,39.0,47.0,44.0,59.0
"Orange-County,NY",0.30445319864109166,0.03628847994582431,0.20984617104833447,0.34239267679628865,-0.00850567550996063,91.0,138.0,99.0,84.0,137.0
"Orlando,FL",0.41657372312366286,0.46308232859755477,0.5195027046394342,0.2318329375943961,0.46801890050752903,74.0,79.0,69.0,101.0,79.0
"Owensboro,KY",-1.0535113605815123,-0.6880583100816777,-1.1063520348970408,-0.9498175410135307,-1.1430564429580363,306.0,249.0,313.0,294.0,313.0
"Oxnard-Ventura,CA",-0.4927069710695495,-0.6590532863412263,-0.6532895994823849,-0.7883572627485813,-0.44236185481631135,221.0,242.0,249.0,275.0,200.0
"Panama-City,FL",-1.0787083308294891,-0.867717515724479,-0.9283439806675859,-1.2698138551486131,-0.904601528322114,309.0,276.0,299.0,316.0,289.0
"Parkerburg-Marietta,WV-OH",-0.7869839037237223,-0.1532845881027371,-0.8369181726109948,-0.7323945068711194,-0.5878700352315668,268.0,160.0,284.0,265.0,228.0
"Pascagoula,MS",-1.9158579151554456,-1.4658959179652356,-1.8898715866606104,-2.1173575786199526,-1.9494646537123042,329.0,323.0,329.0,329.0,329.0
"Pawtucket-Woonsocket-Attleboro,RI-MA",0.17722392225194267,0.07567493636926405,0.07696374822035235,0.2885609055965791,0.23155007443537254,103.0,132.0,115.0,92.0,104.0
"Pensacola,FL",-0.5036090850035332,-0.3797151175001319,-0.3293661783109967,-0.6280938430221125,-0.24752637242421915,223.0,198.0,183.0,249.0,172.0
"Peoria,IL",-0.64364449676342,-1.191920199952078,-0.6008989433203993,-0.6852544103700378,-0.8446041586341466,247.0,313.0,242.0,255.0,277.0
"Philadelphia,PA-NJ",3.119925944507551,3.551209398635818,3.2207307608933315,3.330500860882529,3.264171041184461,7.0,4.0,7.0,5.0,7.0
"Phoenix,AZ",0.5360730875313964,0.5736656351021482,0.5681634203571561,0.45052773563371395,0.5378751631624072,65.0,71.0,66.0,72.0,74.0
"Pine-Bluff,AR",-1.3853950784117672,-1.8727001066374456,-1.1788754111495987,-1.3820651307674936,-1.3844755961326631,322.0,328.0,321.0,321.0,324.0
"Pittsburgh,PA",2.017631246265346,2.5438422704858925,1.9733602444113807,2.242560323801266,2.1349577837358438,10.0,10.0,12.0,9.0,9.0
"Pittsfield,MA",-0.04959038647137233,0.01905325816738308,-0.1665162383347156,0.1868551446841636,-0.04255186663277582,130.0,140.0,147.0,107.0,145.0
"Portland,ME",0.37472465920941395,0.9397340377154098,0.2464913384150066,0.3469548799679334,0.39076707494003915,80.0,47.0,94.0,82.0,88.0
"Portland,OR",1.0992828412831313,0.9918465752508917,1.2432608780470416,0.9394618410800359,1.6937388724670772,41.0,41.0,34.0,45.0,20.0
"Portsmouth-Dover-Rochester,NH-ME",-0.23354649362545918,0.0849816052633725,-0.5472814472160314,-0.0048461366270909,-0.5947157117363582,165.0,130.0,230.0,136.0,230.0
"Poughkeepsie,NY",-0.12476460722602131,-0.11536909157354194,-0.3419568745433276,-0.005327416837278422,-0.35004438725354864,146.0,149.0,187.0,137.0,188.0
"Providence,RI",1.5297259432900798,1.5412060510850616,1.506062180485758,1.6592475822110682,1.6796973933675496,27.0,20.0,24.0,24.0,21.0
"Provo-Orem,UT",-0.25052428981021646,-0.3329801252355635,-0.42511364557933995,-0.2982176486562327,-0.3444725222214525,172.0,189.0,207.0,183.0,187.0
"Pueblo,CO",-0.7927946992419247,-1.0234073615021027,-0.6505884569102118,-0.8558457369396427,-0.6977719583031265,273.0,300.0,248.0,286.0,250.0
"Racine,WI",-0.34438253976131344,-0.9122194565633915,-0.3218218467392412,-0.3848582944599758,-0.4556344576895062,198.0,282.0,181.0,195.0,203.0
"Raleigh-Durham,NC",1.7617474021038948,2.3325656718751526,1.7729249917284133,1.9132586501068198,2.002409380010477,20.0,11.0,19.0,17.0,14.0
"Reading,PA",-0.1787900498543719,0.3835639661439385,-0.2906489240898276,-0.02751101906476827,-0.005071985200221407,155.0,94.0,175.0,140.0,136.0
"Redding,CA",-0.4168054660497195,-0.1693117227755204,-0.4179981418360158,-0.599624604392465,-0.11192131656609132,211.0,162.0,206.0,241.0,158.0
"Reno,NV",0.3315079268454789,-0.37973153901541995,0.2246267448985635,0.16349571730047424,0.0690832078255295,85.0,199.0,97.0,112.0,123.0
"Richland-Kinnewick-Pasco,WA",-1.3865489142395668,-1.1798197137863764,-1.36800832373531,-1.6206147832677837,-1.3458482768551032,323.0,312.0,324.0,328.0,322.0
"Richmond-Petersburg,VA",1.0453829178252227,1.3079481521699126,1.0926050953521953,1.0341822637776936,1.1454405433142132,45.0,28.0,39.0,41.0,35.0
"Riverside-San-Bernardino,CA",0.10214926734475183,-0.5357445544244863,0.2739296841836958,-0.09598685969932443,0.06465597232316904,118.0,223.0,93.0,153.0,124.0
"Roanoke,VA",-0.3404068641404526,0.21950876479822704,-0.35423564460414997,-0.3819384192753175,-0.06240120735739147,197.0,111.0,192.0,194.0,147.0
"Rochester,MN",-0.07354030318871511,-0.4231985338556763,-0.26147530070274966,0.04843592647360977,-1.0006249306416601,141.0,207.0,170.0,124.0,301.0
"Rochester,NY",1.4558651810393868,1.9114162875502483,1.3647388374256317,1.6017384204579967,1.5688646334715703,31.0,17.0,30.0,27.0,23.0
"Rockford,IL",-0.7304282619404026,-1.4139351143713232,-0.6047348705632403,-0.7071093283808481,-0.8481450452481187,260.0,318.0,243.0,261.0,278.0
"Sacramento,CA",0.2893176280884495,-0.1212277127230209,0.3658208103793169,0.12725834958303187,0.34367210383949043,93.0,151.0,84.0,119.0,93.0
"Saginaw-Bay-City-Midland,MI",-0.46331311541014475,-0.835474186483317,-0.36077456366322364,-0.5045860005615664,-0.3976329925022658,217.0,271.0,193.0,221.0,193.0
"St.-Cloud,MN",-0.5082873561273678,-0.7758782738282938,-0.6999195950069059,-0.27267216544770856,-1.2354526726713788,224.0,264.0,256.0,180.0,319.0
"St.-Joseph,MO",-0.8342636917078871,-0.5444596150830587,-0.7731671180288128,-0.7433244920654888,-0.7021044958267376,281.0,224.0,271.0,268.0,251.0
"St.-Louis,MO-IL",1.9104987755268603,2.1423005158805033,2.0275447965219167,1.986427197835745,2.126322840370486,15.0,13.0,11.0,14.0,10.0
"Salem,OR",0.14928671739336494,0.18392802265225452,0.2007616285005035,0.15818529294875872,0.7144111528591093,109.0,117.0,101.0,113.0,61.0
"Salem-Glouster,MA",0.19222706989386942,0.3887891414815558,-0.07296711117856221,0.20754898602650565,0.032519728817505374,102.0,93.0,137.0,104.0,129.0
"Salinas-Seaside-Monterey,CA",-0.13801065811459567,-0.27402822113623887,-0.27437234070149547,-0.5179731812268198,0.08135453349581538,150.0,176.0,173.0,224.0,121.0
"Salt-Lake-City-Ogden,UT",0.5047213791858758,0.7128906343718148,0.4613184450353224,0.23123965349388156,0.4016792669573837,68.0,61.0,74.0,102.0,86.0
"San-Angelo,TX",-0.8604219918981324,-0.3516252269349874,-0.8367159989993275,-0.8325035946968558,-0.837198976269165,286.0,192.0,283.0,281.0,275.0
"San-Antonio,TX",0.30046941514082187,0.3565675019744148,0.3693064346087029,0.36240968023568876,0.16854881841774091,92.0,98.0,83.0,80.0,111.0
"San-Diego,CA",1.510576820120027,1.5316258520223638,1.4026225083382422,1.2034220024025124,1.754263349114117,28.0,21.0,28.0,38.0,19.0
"San-Francisco,CA",3.541263269478223,3.2438216168928924,3.457829170131675,3.154547463249589,3.775924585300063,5.0,5.0,6.0,6.0,2.0
"San-Jose,CA",1.1921439218493364,0.8379190450574335,0.9946959858842632,0.9973904578164985,1.11185433750095,35.0,55.0,43.0,43.0,42.0
"Santa-Barbara-Santa-Maria-Lompoc,CA",0.6711217280521657,0.4278149289731916,0.4426567680050569,0.35741238362543465,0.8531229121782558,58.0,84.0,75.0,81.0,52.0
"Santa-Cruz,CA",0.3545248495154882,-0.1323964366027647,0.22898856854096586,0.1682847745793194,0.4782615121739758,82.0,153.0,96.0,111.0,78.0
"Santa-Rosa-Petaluma,CA",0.15925401556590074,-0.14563475974224152,0.010679997023753492,0.025773355317404913,0.15073640793976423,107.0,157.0,123.0,130.0,112.0
"Sarasota,FL",-0.20007763918426608,-0.17705652336867117,-0.3633744974696698,-0.23153671818367436,-0.6499419028014874,157.0,164.0,194.0,171.0,245.0
"Savannah,GA",-0.2327218144048587,-0.2543749582317746,0.011446832081972072,-0.5085711860689379,-0.036304641489339554,164.0,173.0,122.0,223.0,143.0
"Scranton-Wilkes-Barre,PA",0.04911346701123095,0.6485189869742853,-0.06488745054189912,0.3135234438456534,0.2608188656061345,123.0,65.0,135.0,89.0,101.0
"Seattle,WA",1.6219408385219443,2.7140282877287527,1.6118143969769376,1.2187708702957059,2.056934360772234,25.0,8.0,21.0,35.0,11.0
"Sharon,PA",-0.7353632836764983,-0.5144765360987968,-0.8145297744234729,-0.5036012555489122,-0.57480834078616,261.0,220.0,279.0,220.0,225.0
"Sheboygan,WI",-0.7587575355221955,-0.9413786637776858,-0.8894072161456033,-0.6217071276169704,-1.0405441298951625,263.0,284.0,295.0,246.0,305.0
"Sherman-Denison,TX",-1.2355037365743122,-0.9684711516270436,-1.135206562290278,-1.2161011311416432,-1.1155798325181294,319.0,288.0,318.0,312.0,311.0
"Shreveport,LA",-0.05083588685132109,0.2113222999147326,0.05740376916289918,-0.04030569067897178,0.025948148036395002,131.0,113.0,117.0,143.0,130.0
"Sioux-City,IA-NE",-0.5215849838968528,-0.7262501533752943,-0.5103488649848749,-0.4057476169095139,-0.7175505703122965,226.0,258.0,224.0,199.0,255.0
"Sioux-Falls,SD",-0.05481114980183358,-0.48882655144262704,-0.18778084253945349,0.15116150863443079,-0.6016968712827974,135.0,217.0,155.0,114.0,232.0
"South-Bend-Mishawaka,IN",-0.06922974577162463,0.32336236323237505,0.03892585131288307,-0.0799765623704286,0.23986301694653203,137.0,101.0,118.0,151.0,103.0
"Spokane,WA",-0.2195789897609337,0.017814339023562175,-0.16780181451757606,-0.21101996719792857,0.041307179589763605,162.0,141.0,148.0,169.0,126.0
"Springfield,IL",0.5927677801486597,0.424990586387097,0.6877130035332999,0.6300002750914878,0.6898712323730897,64.0,86.0,61.0,58.0,62.0
"Springfield,MA",0.7434196426291038,0.368043773152065,0.7947954581998781,0.8999972495372841,0.8718452566007592,56.0,96.0,54.0,49.0,51.0
"Springfield,MO",-0.5775969241676282,-0.062438534375087736,-0.5498006553450862,-0.5842638434802887,-0.40759632158774556,233.0,145.0,231.0,236.0,196.0
"Stamford,CT",1.935163199667494,-0.7048175867507459,1.4277511689478466,1.9737451402315223,0.7739290402864415,13.0,253.0,27.0,15.0,58.0
"State-College,PA",-0.2815535674615775,-0.30126474015048627,-0.3925879767884212,-0.069092744517471,-0.18076767034238916,179.0,180.0,197.0,149.0,166.0
"Steubenville-Weirton,OH-WV",-1.1555952997822907,-1.0250667956274406,-1.2107317365500794,-1.0324476618148055,-1.1004332879187368,314.0,301.0,322.0,301.0,310.0
"Stockton,CA",-0.9530914412074567,-1.1219388242857022,-0.7926502892502754,-1.2485930258736306,-0.8175702983287529,295.0,308.0,275.0,313.0,270.0
"Syracuse,NY",0.8654687423754891,1.3620765175232565,0.7950243543610708,0.9171778077059519,1.1148622877713692,53.0,25.0,53.0,47.0,40.0
"Tacoma,WA",-0.11743285652937062,0.9239155706536721,-0.03497611480668612,-0.522530179059012,0.5970929699311471,144.0,50.0,129.0,228.0,71.0
"Tallahassee,FL",-0.09983234015802621,-0.34596791798691845,-0.07963440765296888,-0.11827639448457936,-0.23850967100241038,142.0,191.0,139.0,157.0,170.0
"Tampa-St.-Petersburg-Clearwater,FL",0.6453030524876886,0.9216779713107199,0.7317143841921647,0.5298080056285659,0.6757329604267635,59.0,51.0,58.0,64.0,64.0
"Terre-Haute,IN",-0.5625476740386585,-0.10619320169796627,-0.5461250739454405,-0.41613720000178067,-0.24055242039180164,230.0,148.0,229.0,200.0,171.0
"Texarkana,TX-Texarkana,AR",-0.9978044199485588,-1.0850102014527712,-0.9321954319364849,-0.8280429797780439,-0.9271767149572941,299.0,306.0,300.0,280.0,293.0
"Toledo,OH",0.3763814163975865,0.26308593944600234,0.43949732969493915,0.38291324274653726,0.40157215537432134,79.0,106.0,77.0,78.0,87.0
"Topeka,KS",-0.12218935467768326,-0.140326010469349,-0.05887236427479304,-0.06639637573278077,-0.08487548726780213,145.0,155.0,133.0,148.0,154.0
"Trenton,NJ",0.8377274656839829,0.5206925720299419,0.830849426930531,0.8718014296689076,0.9837948573840383,55.0,74.0,49.0,50.0,46.0
"Tuscon,AZ",0.20221780417692084,0.42745799001797885,0.2927921022072607,-0.053488786183734094,0.3448203103063266,99.0,85.0,91.0,145.0,92.0
"Tulsa,OK",-0.053182214411592266,0.4081644620883005,-0.024883238670859543,-0.12487688463019579,-0.09849985540730039,133.0,90.0,128.0,160.0,155.0
"Tuscaloosa,AL",-0.8185457891982569,-0.978640273499106,-0.7008327177897133,-0.8508724085116459,-0.8553366724378331,276.0,289.0,257.0,283.0,280.0
"Tyler,TX",-0.17747566857800534,0.03919110977754554,-0.20833035658435295,0.04298836584020383,-0.11293201474670983,154.0,137.0,157.0,126.0,159.0
"Utica-Rome,NY",-0.2721580897873685,0.411777119929432,-0.4057027628165034,-0.10787772265482895,-0.08128727272924458,177.0,88.0,202.0,156.0,153.0
"Vallejo-Fairfield-Napa,CA",-0.22006472429359436,0.04919577107626558,-0.2322789021047799,-0.4011440498075286,0.10525931956529269,163.0,135.0,162.0,198.0,118.0
"Vancouver,WA",-0.8280850878874386,-0.5756146362351804,-0.8282829363289043,-0.9739933656839511,-0.49924394104978614,278.0,230.0,280.0,296.0,212.0
"Victoria,TX",-0.9094885346758735,-1.0000241560636842,-0.9276381436096219,-0.8528287899470925,-1.2652411931861072,288.0,293.0,298.0,284.0,320.0
"Vineland-Millville-Bridgeton,NJ",-0.42052601851790544,-0.35909301580538155,-0.30011011944598837,-0.4873043216916202,-0.14252365301678863,212.0,193.0,177.0,218.0,162.0
"Visalia-Tulare-Porterville,CA",-1.1703161200413312,-1.0230222331313616,-1.1194747675152048,-1.4593790392602066,-1.170543775738157,315.0,299.0,315.0,323.0,316.0
"Waco,TX",-0.6855423877662968,-0.7387602083506497,-0.5907258079469911,-0.623858945236846,-0.735986718247196,254.0,259.0,240.0,247.0,259.0
"Washington,DC-MD-VA",3.759234914880485,3.02570612135039,3.7825730307657994,3.870217881950063,3.554426775075172,3.0,6.0,3.0,3.0,4.0
"Materbury,CT",-0.24587169441700513,-0.6555254940881706,-0.3453460281274711,-0.1023336259204708,-0.3786079566085808,168.0,241.0,190.0,155.0,191.0
"Waterloo-Cedar-Falls,IA",-0.19214169356034339,-0.6774593135605198,-0.2605790201669522,-0.035865465186713116,-0.5471788978130333,156.0,247.0,169.0,141.0,218.0
"Wausau,WI",-0.4827526408403353,-0.9238858517451046,-0.6223595193508671,-0.26236739456116276,-0.9558782533508273,219.0,283.0,246.0,175.0,297.0
"West-Palm-Beach-Boca-Raton-Delray-Beach,FL",0.7341828405694879,0.6827177518379801,0.7420016533456519,0.4821219502363281,0.8062062795127305,57.0,64.0,56.0,69.0,55.0
"Wheeling,WV-OH",-0.5859966923151515,-0.13348833414616046,-0.7113054174109903,-0.34035946538329864,-0.4919570335906517,236.0,154.0,260.0,190.0,210.0
"Wichita,KS",-0.1570413800945434,-0.12903404580967748,-0.07735771291453955,-0.1242215354423341,-0.07684239197329058,153.0,152.0,138.0,159.0,151.0
"Wichita-Falls,TX",-0.8337004148451843,-0.7624137821042165,-0.746919809049205,-0.8119838400812911,-0.8642138392194539,280.0,263.0,268.0,277.0,281.0
"Williamsport,PA",-0.6451952500200879,-0.8612562033758085,-0.6778796110386738,-0.4286944103965296,-0.5560983529820793,248.0,275.0,253.0,201.0,220.0
"Wilmington,DE-NJ-MD",0.45820101168820077,0.7811280137183854,0.5002922667627672,0.4647627361262731,0.6792449876809347,70.0,58.0,71.0,71.0,63.0
"Wilmington,NC",-0.3570847849311183,-0.2408720133823302,-0.2000656924218844,-0.5209525325513278,-0.1006604375865588,201.0,170.0,156.0,226.0,156.0
"Worcester,MA",0.3569375902901065,0.1962978069171346,0.2831721777188785,0.612140323910011,0.36822790088819507,81.0,116.0,92.0,59.0,91.0
"Yakima,WA",-0.8950764350604145,-0.725669580355199,-0.785923872419957,-1.0366745504317272,-0.7238373181825899,287.0,257.0,274.0,303.0,256.0
"York,PA",-0.6090447191752748,-0.6873394541241482,-0.737820123921443,-0.3895758112261825,-0.6903839570437312,240.0,248.0,266.0,196.0,248.0
"Youngstown-Warren,OH",-0.32837798302380644,-0.49967432796425026,-0.22891203735665458,-0.27056689649192917,-0.13385085738523234,192.0,219.0,161.0,179.0,160.0
"Yuba-City,CA",-1.296801668282224,-1.6961359975440116,-1.1522653259001086,-1.420943302764843,-1.1578666936793864,321.0,327.0,320.0,322.0,315.0
